,district,Year,month,Visitors,district_1
1100,Adilabad,2016,November,99148,Adilabad
1210,Adilabad,2016,December,53125,Adilabad
990,Adilabad,2016,October,94184,Adilabad
110,Adilabad,2016,February,937820,Adilabad
330,Adilabad,2016,April,341948,Adilabad
440,Adilabad,2016,May,252887,Adilabad
220,Adilabad,2016,March,582946,Adilabad
660,Adilabad,2016,July,447562,Adilabad
880,Adilabad,2016,September,491279,Adilabad
550,Adilabad,2016,June,368237,Adilabad
770,Adilabad,2016,August,614285,Adilabad
0,Adilabad,2016,January,792136,Adilabad
661,Bhadradri Kothagudem ,2016,July,296343.3333,Bhadradri Kothagudem 
1211,Bhadradri Kothagudem ,2016,December,326770,Bhadradri Kothagudem 
441,Bhadradri Kothagudem ,2016,May,296343.3333,Bhadradri Kothagudem 
551,Bhadradri Kothagudem ,2016,June,296343.3333,Bhadradri Kothagudem 
881,Bhadradri Kothagudem ,2016,September,296343.3333,Bhadradri Kothagudem 
991,Bhadradri Kothagudem ,2016,October,310133,Bhadradri Kothagudem 
1101,Bhadradri Kothagudem ,2016,November,252127,Bhadradri Kothagudem 
111,Bhadradri Kothagudem ,2016,February,296343.3333,Bhadradri Kothagudem 
221,Bhadradri Kothagudem ,2016,March,296343.3333,Bhadradri Kothagudem 
1,Bhadradri Kothagudem ,2016,January,296343.3333,Bhadradri Kothagudem 
331,Bhadradri Kothagudem ,2016,April,296343.3333,Bhadradri Kothagudem 
771,Bhadradri Kothagudem ,2016,August,296343.3333,Bhadradri Kothagudem 
772,Hyderabad,2016,August,1061137,Hyderabad
2,Hyderabad,2016,January,1122510,Hyderabad
442,Hyderabad,2016,May,1287181,Hyderabad
1212,Hyderabad,2016,December,1225502,Hyderabad
992,Hyderabad,2016,October,901960,Hyderabad
222,Hyderabad,2016,March,1017794,Hyderabad
882,Hyderabad,2016,September,832987,Hyderabad
552,Hyderabad,2016,June,1203266,Hyderabad
1102,Hyderabad,2016,November,909733,Hyderabad
112,Hyderabad,2016,February,778748,Hyderabad
662,Hyderabad,2016,July,1096754,Hyderabad
332,Hyderabad,2016,April,1127738,Hyderabad
773,Jagtial ,2016,August,207692.3333,Jagtial 
1213,Jagtial ,2016,December,207294,Jagtial 
223,Jagtial ,2016,March,207692.3333,Jagtial 
1103,Jagtial ,2016,November,214534,Jagtial 
883,Jagtial ,2016,September,207692.3333,Jagtial 
333,Jagtial ,2016,April,207692.3333,Jagtial 
443,Jagtial ,2016,May,207692.3333,Jagtial 
663,Jagtial ,2016,July,207692.3333,Jagtial 
3,Jagtial ,2016,January,207692.3333,Jagtial 
553,Jagtial ,2016,June,207692.3333,Jagtial 
113,Jagtial ,2016,February,207692.3333,Jagtial 
993,Jagtial ,2016,October,201249,Jagtial 
774,Jangaon ,2016,August,13553.33333,Jangaon 
4,Jangaon ,2016,January,13553.33333,Jangaon 
224,Jangaon ,2016,March,13553.33333,Jangaon 
444,Jangaon ,2016,May,13553.33333,Jangaon 
884,Jangaon ,2016,September,13553.33333,Jangaon 
554,Jangaon ,2016,June,13553.33333,Jangaon 
664,Jangaon ,2016,July,13553.33333,Jangaon 
334,Jangaon ,2016,April,13553.33333,Jangaon 
114,Jangaon ,2016,February,13553.33333,Jangaon 
1104,Jangaon ,2016,November,13210,Jangaon 
994,Jangaon ,2016,October,14770,Jangaon 
1214,Jangaon ,2016,December,12680,Jangaon 
775,Jayashankar Bhoopalpally,2016,August,81133.33333,Jayashankar Bhoopalpally
335,Jayashankar Bhoopalpally,2016,April,81133.33333,Jayashankar Bhoopalpally
1215,Jayashankar Bhoopalpally,2016,December,85460,Jayashankar Bhoopalpally
225,Jayashankar Bhoopalpally,2016,March,81133.33333,Jayashankar Bhoopalpally
555,Jayashankar Bhoopalpally,2016,June,81133.33333,Jayashankar Bhoopalpally
445,Jayashankar Bhoopalpally,2016,May,81133.33333,Jayashankar Bhoopalpally
665,Jayashankar Bhoopalpally,2016,July,81133.33333,Jayashankar Bhoopalpally
115,Jayashankar Bhoopalpally,2016,February,81133.33333,Jayashankar Bhoopalpally
5,Jayashankar Bhoopalpally,2016,January,81133.33333,Jayashankar Bhoopalpally
1105,Jayashankar Bhoopalpally,2016,November,81580,Jayashankar Bhoopalpally
885,Jayashankar Bhoopalpally,2016,September,81133.33333,Jayashankar Bhoopalpally
995,Jayashankar Bhoopalpally,2016,October,76360,Jayashankar Bhoopalpally
996,Jogulamba Gadwal ,2016,October,152898,Jogulamba Gadwal 
556,Jogulamba Gadwal ,2016,June,174467,Jogulamba Gadwal 
6,Jogulamba Gadwal ,2016,January,174467,Jogulamba Gadwal 
446,Jogulamba Gadwal ,2016,May,174467,Jogulamba Gadwal 
1106,Jogulamba Gadwal ,2016,November,188170,Jogulamba Gadwal 
1216,Jogulamba Gadwal ,2016,December,182333,Jogulamba Gadwal 
336,Jogulamba Gadwal ,2016,April,174467,Jogulamba Gadwal 
116,Jogulamba Gadwal ,2016,February,174467,Jogulamba Gadwal 
666,Jogulamba Gadwal ,2016,July,174467,Jogulamba Gadwal 
886,Jogulamba Gadwal ,2016,September,174467,Jogulamba Gadwal 
226,Jogulamba Gadwal ,2016,March,174467,Jogulamba Gadwal 
776,Jogulamba Gadwal ,2016,August,174467,Jogulamba Gadwal 
1107,Kamareddy ,2016,November,38,Kamareddy 
997,Kamareddy ,2016,October,47,Kamareddy 
667,Kamareddy ,2016,July,42.33333333,Kamareddy 
447,Kamareddy ,2016,May,42.33333333,Kamareddy 
227,Kamareddy ,2016,March,42.33333333,Kamareddy 
1217,Kamareddy ,2016,December,42,Kamareddy 
777,Kamareddy ,2016,August,42.33333333,Kamareddy 
337,Kamareddy ,2016,April,42.33333333,Kamareddy 
117,Kamareddy ,2016,February,42.33333333,Kamareddy 
557,Kamareddy ,2016,June,42.33333333,Kamareddy 
7,Kamareddy ,2016,January,42.33333333,Kamareddy 
887,Kamareddy ,2016,September,42.33333333,Kamareddy 
888,Karimnagar ,2016,September,956959,Karimnagar 
998,Karimnagar ,2016,October,13675,Karimnagar 
448,Karimnagar ,2016,May,1095642,Karimnagar 
228,Karimnagar ,2016,March,1018399,Karimnagar 
668,Karimnagar ,2016,July,401047,Karimnagar 
778,Karimnagar ,2016,August,1018399,Karimnagar 
8,Karimnagar ,2016,January,1984442,Karimnagar 
1108,Karimnagar ,2016,November,13350,Karimnagar 
1218,Karimnagar ,2016,December,13890,Karimnagar 
558,Karimnagar ,2016,June,914746,Karimnagar 
118,Karimnagar ,2016,February,779960,Karimnagar 
338,Karimnagar ,2016,April,956959,Karimnagar 
669,Khammam,2016,July,414963,Khammam
779,Khammam,2016,August,503654,Khammam
1109,Khammam,2016,November,110634,Khammam
119,Khammam,2016,February,407533,Khammam
449,Khammam,2016,May,433994,Khammam
339,Khammam,2016,April,971622,Khammam
229,Khammam,2016,March,458527,Khammam
889,Khammam,2016,September,368437,Khammam
1219,Khammam,2016,December,116403,Khammam
559,Khammam,2016,June,445862,Khammam
999,Khammam,2016,October,121575,Khammam
9,Khammam,2016,January,651827,Khammam
1110,Komaram Bheem Asifabad,2016,November,0,Komaram Bheem Asifabad
890,Komaram Bheem Asifabad,2016,September,null,Komaram Bheem Asifabad
450,Komaram Bheem Asifabad,2016,May,null,Komaram Bheem Asifabad
340,Komaram Bheem Asifabad,2016,April,null,Komaram Bheem Asifabad
120,Komaram Bheem Asifabad,2016,February,null,Komaram Bheem Asifabad
230,Komaram Bheem Asifabad,2016,March,null,Komaram Bheem Asifabad
560,Komaram Bheem Asifabad,2016,June,null,Komaram Bheem Asifabad
1220,Komaram Bheem Asifabad,2016,December,0,Komaram Bheem Asifabad
1000,Komaram Bheem Asifabad,2016,October,0,Komaram Bheem Asifabad
670,Komaram Bheem Asifabad,2016,July,null,Komaram Bheem Asifabad
10,Komaram Bheem Asifabad,2016,January,null,Komaram Bheem Asifabad
780,Komaram Bheem Asifabad,2016,August,null,Komaram Bheem Asifabad
121,Mahabubabad ,2016,February,46667.33333,Mahabubabad 
1111,Mahabubabad ,2016,November,114015,Mahabubabad 
891,Mahabubabad ,2016,September,46667.33333,Mahabubabad 
781,Mahabubabad ,2016,August,46667.33333,Mahabubabad 
341,Mahabubabad ,2016,April,46667.33333,Mahabubabad 
1001,Mahabubabad ,2016,October,13032,Mahabubabad 
1221,Mahabubabad ,2016,December,12955,Mahabubabad 
451,Mahabubabad ,2016,May,46667.33333,Mahabubabad 
561,Mahabubabad ,2016,June,46667.33333,Mahabubabad 
11,Mahabubabad ,2016,January,46667.33333,Mahabubabad 
231,Mahabubabad ,2016,March,46667.33333,Mahabubabad 
671,Mahabubabad ,2016,July,46667.33333,Mahabubabad 
122,Mahbubnagar,2016,February,1312068,Mahbubnagar
562,Mahbubnagar,2016,June,561006,Mahbubnagar
12,Mahbubnagar,2016,January,577071,Mahbubnagar
1222,Mahbubnagar,2016,December,210202,Mahbubnagar
452,Mahbubnagar,2016,May,571898,Mahbubnagar
672,Mahbubnagar,2016,July,562322,Mahbubnagar
232,Mahbubnagar,2016,March,1731983,Mahbubnagar
782,Mahbubnagar,2016,August,1133105,Mahbubnagar
892,Mahbubnagar,2016,September,567712,Mahbubnagar
342,Mahbubnagar,2016,April,622432,Mahbubnagar
1002,Mahbubnagar,2016,October,198592,Mahbubnagar
1112,Mahbubnagar,2016,November,256375,Mahbubnagar
123,Mancherial,2016,February,2600.666667,Mancherial
563,Mancherial,2016,June,2600.666667,Mancherial
783,Mancherial,2016,August,2600.666667,Mancherial
893,Mancherial,2016,September,2600.666667,Mancherial
673,Mancherial,2016,July,2600.666667,Mancherial
233,Mancherial,2016,March,2600.666667,Mancherial
1003,Mancherial,2016,October,3124,Mancherial
343,Mancherial,2016,April,2600.666667,Mancherial
13,Mancherial,2016,January,2600.666667,Mancherial
1223,Mancherial,2016,December,2423,Mancherial
1113,Mancherial,2016,November,2255,Mancherial
453,Mancherial,2016,May,2600.666667,Mancherial
454,Medak ,2016,May,198000,Medak 
124,Medak ,2016,February,215000,Medak 
564,Medak ,2016,June,166700,Medak 
14,Medak ,2016,January,92600,Medak 
234,Medak ,2016,March,1318000,Medak 
1114,Medak ,2016,November,132300,Medak 
674,Medak ,2016,July,153300,Medak 
1004,Medak ,2016,October,15600,Medak 
1224,Medak ,2016,December,523000,Medak 
894,Medak ,2016,September,132600,Medak 
344,Medak ,2016,April,300000,Medak 
784,Medak ,2016,August,216100,Medak 
895,Nagarkurnool ,2016,September,196157.6667,Nagarkurnool 
785,Nagarkurnool ,2016,August,196157.6667,Nagarkurnool 
1115,Nagarkurnool ,2016,November,188786,Nagarkurnool 
1005,Nagarkurnool ,2016,October,201050,Nagarkurnool 
345,Nagarkurnool ,2016,April,196157.6667,Nagarkurnool 
125,Nagarkurnool ,2016,February,196157.6667,Nagarkurnool 
235,Nagarkurnool ,2016,March,196157.6667,Nagarkurnool 
565,Nagarkurnool ,2016,June,196157.6667,Nagarkurnool 
1225,Nagarkurnool ,2016,December,198637,Nagarkurnool 
15,Nagarkurnool ,2016,January,196157.6667,Nagarkurnool 
675,Nagarkurnool ,2016,July,196157.6667,Nagarkurnool 
455,Nagarkurnool ,2016,May,196157.6667,Nagarkurnool 
896,Nalgonda,2016,September,742402,Nalgonda
786,Nalgonda,2016,August,988102,Nalgonda
1226,Nalgonda,2016,December,13775,Nalgonda
1006,Nalgonda,2016,October,3508,Nalgonda
346,Nalgonda,2016,April,601253,Nalgonda
1116,Nalgonda,2016,November,21046,Nalgonda
456,Nalgonda,2016,May,628872,Nalgonda
236,Nalgonda,2016,March,619462,Nalgonda
566,Nalgonda,2016,June,551239,Nalgonda
16,Nalgonda,2016,January,566515,Nalgonda
676,Nalgonda,2016,July,582820,Nalgonda
126,Nalgonda,2016,February,539467,Nalgonda
567,Nirmal,2016,June,305536.6667,Nirmal
787,Nirmal,2016,August,305536.6667,Nirmal
457,Nirmal,2016,May,305536.6667,Nirmal
237,Nirmal,2016,March,305536.6667,Nirmal
17,Nirmal,2016,January,305536.6667,Nirmal
1007,Nirmal,2016,October,475955,Nirmal
677,Nirmal,2016,July,305536.6667,Nirmal
1227,Nirmal,2016,December,239267,Nirmal
347,Nirmal,2016,April,305536.6667,Nirmal
127,Nirmal,2016,February,305536.6667,Nirmal
897,Nirmal,2016,September,305536.6667,Nirmal
1117,Nirmal,2016,November,201388,Nirmal
898,Nizamabad,2016,September,553,Nizamabad
568,Nizamabad,2016,June,367,Nizamabad
678,Nizamabad,2016,July,644,Nizamabad
1008,Nizamabad,2016,October,434,Nizamabad
18,Nizamabad,2016,January,576,Nizamabad
1228,Nizamabad,2016,December,355,Nizamabad
128,Nizamabad,2016,February,869,Nizamabad
348,Nizamabad,2016,April,476,Nizamabad
788,Nizamabad,2016,August,589,Nizamabad
238,Nizamabad,2016,March,408,Nizamabad
1118,Nizamabad,2016,November,617,Nizamabad
458,Nizamabad,2016,May,554,Nizamabad
789,Peddapalli,2016,August,1081.333333,Peddapalli
1119,Peddapalli,2016,November,1145,Peddapalli
239,Peddapalli,2016,March,1081.333333,Peddapalli
679,Peddapalli,2016,July,1081.333333,Peddapalli
899,Peddapalli,2016,September,1081.333333,Peddapalli
569,Peddapalli,2016,June,1081.333333,Peddapalli
459,Peddapalli,2016,May,1081.333333,Peddapalli
1009,Peddapalli,2016,October,950,Peddapalli
349,Peddapalli,2016,April,1081.333333,Peddapalli
129,Peddapalli,2016,February,1081.333333,Peddapalli
19,Peddapalli,2016,January,1081.333333,Peddapalli
1229,Peddapalli,2016,December,1149,Peddapalli
900,Rajanna Sircilla ,2016,September,725600.3333,Rajanna Sircilla 
570,Rajanna Sircilla ,2016,June,725600.3333,Rajanna Sircilla 
790,Rajanna Sircilla ,2016,August,725600.3333,Rajanna Sircilla 
1010,Rajanna Sircilla ,2016,October,534484,Rajanna Sircilla 
130,Rajanna Sircilla ,2016,February,725600.3333,Rajanna Sircilla 
680,Rajanna Sircilla ,2016,July,725600.3333,Rajanna Sircilla 
240,Rajanna Sircilla ,2016,March,725600.3333,Rajanna Sircilla 
350,Rajanna Sircilla ,2016,April,725600.3333,Rajanna Sircilla 
20,Rajanna Sircilla ,2016,January,725600.3333,Rajanna Sircilla 
1230,Rajanna Sircilla ,2016,December,778240,Rajanna Sircilla 
460,Rajanna Sircilla ,2016,May,725600.3333,Rajanna Sircilla 
1120,Rajanna Sircilla ,2016,November,864077,Rajanna Sircilla 
351,Sangareddy ,2016,April,259333.3333,Sangareddy 
1231,Sangareddy ,2016,December,155000,Sangareddy 
461,Sangareddy ,2016,May,259333.3333,Sangareddy 
571,Sangareddy ,2016,June,259333.3333,Sangareddy 
901,Sangareddy ,2016,September,259333.3333,Sangareddy 
791,Sangareddy ,2016,August,259333.3333,Sangareddy 
241,Sangareddy ,2016,March,259333.3333,Sangareddy 
131,Sangareddy ,2016,February,259333.3333,Sangareddy 
21,Sangareddy ,2016,January,259333.3333,Sangareddy 
1011,Sangareddy ,2016,October,274000,Sangareddy 
1121,Sangareddy ,2016,November,349000,Sangareddy 
681,Sangareddy ,2016,July,259333.3333,Sangareddy 
352,Siddipet,2016,April,119466.6667,Siddipet
22,Siddipet,2016,January,119466.6667,Siddipet
1232,Siddipet,2016,December,80500,Siddipet
902,Siddipet,2016,September,119466.6667,Siddipet
682,Siddipet,2016,July,119466.6667,Siddipet
1012,Siddipet,2016,October,123500,Siddipet
242,Siddipet,2016,March,119466.6667,Siddipet
792,Siddipet,2016,August,119466.6667,Siddipet
572,Siddipet,2016,June,119466.6667,Siddipet
1122,Siddipet,2016,November,154400,Siddipet
462,Siddipet,2016,May,119466.6667,Siddipet
132,Siddipet,2016,February,119466.6667,Siddipet
243,Wanaparthy ,2016,March,20046,Wanaparthy 
23,Wanaparthy ,2016,January,20046,Wanaparthy 
353,Wanaparthy ,2016,April,20046,Wanaparthy 
903,Wanaparthy ,2016,September,20046,Wanaparthy 
573,Wanaparthy ,2016,June,20046,Wanaparthy 
463,Wanaparthy ,2016,May,20046,Wanaparthy 
1123,Wanaparthy ,2016,November,18348,Wanaparthy 
1233,Wanaparthy ,2016,December,20556,Wanaparthy 
683,Wanaparthy ,2016,July,20046,Wanaparthy 
1013,Wanaparthy ,2016,October,21234,Wanaparthy 
793,Wanaparthy ,2016,August,20046,Wanaparthy 
133,Wanaparthy ,2016,February,20046,Wanaparthy 
794,Warangal (Rural),2016,August,6466.667,Warangal (Rural)
464,Warangal (Rural),2016,May,6466.667,Warangal (Rural)
1234,Warangal (Rural),2016,December,5150,Warangal (Rural)
354,Warangal (Rural),2016,April,6466.667,Warangal (Rural)
244,Warangal (Rural),2016,March,6466.667,Warangal (Rural)
1124,Warangal (Rural),2016,November,6050,Warangal (Rural)
574,Warangal (Rural),2016,June,6466.667,Warangal (Rural)
684,Warangal (Rural),2016,July,6466.667,Warangal (Rural)
134,Warangal (Rural),2016,February,6466.667,Warangal (Rural)
1014,Warangal (Rural),2016,October,8200,Warangal (Rural)
904,Warangal (Rural),2016,September,6466.667,Warangal (Rural)
24,Warangal (Rural),2016,January,6466.667,Warangal (Rural)
355,Warangal (Urban),2016,April,317643,Hanumakonda
245,Warangal (Urban),2016,March,568397,Hanumakonda
905,Warangal (Urban),2016,September,379210,Hanumakonda
465,Warangal (Urban),2016,May,373788,Hanumakonda
795,Warangal (Urban),2016,August,368755,Hanumakonda
1125,Warangal (Urban),2016,November,129250,Hanumakonda
685,Warangal (Urban),2016,July,340320,Hanumakonda
575,Warangal (Urban),2016,June,365332,Hanumakonda
135,Warangal (Urban),2016,February,20703778,Hanumakonda
25,Warangal (Urban),2016,January,1985815,Hanumakonda
1235,Warangal (Urban),2016,December,127500,Hanumakonda
1015,Warangal (Urban),2016,October,128247,Hanumakonda
246,Yadadri Bhongir,2016,March,576200,Yadadri Bhongir
576,Yadadri Bhongir,2016,June,576200,Yadadri Bhongir
26,Yadadri Bhongir,2016,January,576200,Yadadri Bhongir
686,Yadadri Bhongir,2016,July,576200,Yadadri Bhongir
136,Yadadri Bhongir,2016,February,576200,Yadadri Bhongir
796,Yadadri Bhongir,2016,August,576200,Yadadri Bhongir
466,Yadadri Bhongir,2016,May,576200,Yadadri Bhongir
906,Yadadri Bhongir,2016,September,576200,Yadadri Bhongir
1016,Yadadri Bhongir,2016,October,584800,Yadadri Bhongir
1126,Yadadri Bhongir,2016,November,681000,Yadadri Bhongir
356,Yadadri Bhongir,2016,April,576200,Yadadri Bhongir
1236,Yadadri Bhongir,2016,December,462800,Yadadri Bhongir
1237,Adilabad,2017,December,54251,Adilabad
907,Adilabad,2017,September,42699,Adilabad
247,Adilabad,2017,March,27508,Adilabad
1017,Adilabad,2017,October,41666,Adilabad
357,Adilabad,2017,April,13946,Adilabad
467,Adilabad,2017,May,11752,Adilabad
27,Adilabad,2017,January,318799,Adilabad
797,Adilabad,2017,August,34876,Adilabad
137,Adilabad,2017,February,83316,Adilabad
1127,Adilabad,2017,November,117322,Adilabad
687,Adilabad,2017,July,52386,Adilabad
577,Adilabad,2017,June,26859,Adilabad
1018,Bhadradri Kothagudem ,2017,October,334504,Bhadradri Kothagudem 
578,Bhadradri Kothagudem ,2017,June,351742,Bhadradri Kothagudem 
248,Bhadradri Kothagudem ,2017,March,243943,Bhadradri Kothagudem 
1128,Bhadradri Kothagudem ,2017,November,281515,Bhadradri Kothagudem 
138,Bhadradri Kothagudem ,2017,February,251359,Bhadradri Kothagudem 
688,Bhadradri Kothagudem ,2017,July,258114,Bhadradri Kothagudem 
468,Bhadradri Kothagudem ,2017,May,311626,Bhadradri Kothagudem 
908,Bhadradri Kothagudem ,2017,September,381784,Bhadradri Kothagudem 
798,Bhadradri Kothagudem ,2017,August,316438,Bhadradri Kothagudem 
358,Bhadradri Kothagudem ,2017,April,667459,Bhadradri Kothagudem 
1238,Bhadradri Kothagudem ,2017,December,393518,Bhadradri Kothagudem 
28,Bhadradri Kothagudem ,2017,January,302315,Bhadradri Kothagudem 
29,Hyderabad,2017,January,1924695,Hyderabad
469,Hyderabad,2017,May,2266793,Hyderabad
1019,Hyderabad,2017,October,2202316,Hyderabad
799,Hyderabad,2017,August,1976980,Hyderabad
909,Hyderabad,2017,September,2011280,Hyderabad
1239,Hyderabad,2017,December,4871416,Hyderabad
139,Hyderabad,2017,February,1886698,Hyderabad
689,Hyderabad,2017,July,1890870,Hyderabad
1129,Hyderabad,2017,November,1971438,Hyderabad
579,Hyderabad,2017,June,2007060,Hyderabad
359,Hyderabad,2017,April,2366793,Hyderabad
249,Hyderabad,2017,March,1783903,Hyderabad
470,Jagtial ,2017,May,468038,Jagtial 
1020,Jagtial ,2017,October,248504,Jagtial 
140,Jagtial ,2017,February,159659,Jagtial 
1130,Jagtial ,2017,November,348042,Jagtial 
690,Jagtial ,2017,July,247254,Jagtial 
800,Jagtial ,2017,August,386458,Jagtial 
250,Jagtial ,2017,March,323658,Jagtial 
580,Jagtial ,2017,June,418103,Jagtial 
910,Jagtial ,2017,September,143102,Jagtial 
360,Jagtial ,2017,April,330540,Jagtial 
1240,Jagtial ,2017,December,393566,Jagtial 
30,Jagtial ,2017,January,174477,Jagtial 
581,Jangaon ,2017,June,13750,Jangaon 
251,Jangaon ,2017,March,8450,Jangaon 
911,Jangaon ,2017,September,15600,Jangaon 
1021,Jangaon ,2017,October,16130,Jangaon 
361,Jangaon ,2017,April,9788,Jangaon 
141,Jangaon ,2017,February,12610,Jangaon 
1241,Jangaon ,2017,December,16880,Jangaon 
31,Jangaon ,2017,January,12280,Jangaon 
1131,Jangaon ,2017,November,16360,Jangaon 
471,Jangaon ,2017,May,12130,Jangaon 
801,Jangaon ,2017,August,15680,Jangaon 
691,Jangaon ,2017,July,16050,Jangaon 
142,Jayashankar Bhoopalpally,2017,February,96850,Jayashankar Bhoopalpally
362,Jayashankar Bhoopalpally,2017,April,90700,Jayashankar Bhoopalpally
1132,Jayashankar Bhoopalpally,2017,November,116800,Jayashankar Bhoopalpally
1242,Jayashankar Bhoopalpally,2017,December,723000,Jayashankar Bhoopalpally
472,Jayashankar Bhoopalpally,2017,May,91150,Jayashankar Bhoopalpally
32,Jayashankar Bhoopalpally,2017,January,96560,Jayashankar Bhoopalpally
252,Jayashankar Bhoopalpally,2017,March,81400,Jayashankar Bhoopalpally
1022,Jayashankar Bhoopalpally,2017,October,115250,Jayashankar Bhoopalpally
802,Jayashankar Bhoopalpally,2017,August,118350,Jayashankar Bhoopalpally
912,Jayashankar Bhoopalpally,2017,September,112600,Jayashankar Bhoopalpally
692,Jayashankar Bhoopalpally,2017,July,94700,Jayashankar Bhoopalpally
582,Jayashankar Bhoopalpally,2017,June,93650,Jayashankar Bhoopalpally
583,Jogulamba Gadwal ,2017,June,160182,Jogulamba Gadwal 
913,Jogulamba Gadwal ,2017,September,123733,Jogulamba Gadwal 
1023,Jogulamba Gadwal ,2017,October,152898,Jogulamba Gadwal 
253,Jogulamba Gadwal ,2017,March,155013,Jogulamba Gadwal 
143,Jogulamba Gadwal ,2017,February,481110,Jogulamba Gadwal 
1133,Jogulamba Gadwal ,2017,November,188170,Jogulamba Gadwal 
33,Jogulamba Gadwal ,2017,January,214887,Jogulamba Gadwal 
803,Jogulamba Gadwal ,2017,August,131485,Jogulamba Gadwal 
363,Jogulamba Gadwal ,2017,April,131426,Jogulamba Gadwal 
693,Jogulamba Gadwal ,2017,July,160182,Jogulamba Gadwal 
1243,Jogulamba Gadwal ,2017,December,214887,Jogulamba Gadwal 
473,Jogulamba Gadwal ,2017,May,131426,Jogulamba Gadwal 
364,Kamareddy ,2017,April,46,Kamareddy 
914,Kamareddy ,2017,September,41,Kamareddy 
804,Kamareddy ,2017,August,40,Kamareddy 
34,Kamareddy ,2017,January,58,Kamareddy 
144,Kamareddy ,2017,February,50,Kamareddy 
1024,Kamareddy ,2017,October,38,Kamareddy 
694,Kamareddy ,2017,July,41,Kamareddy 
1244,Kamareddy ,2017,December,41,Kamareddy 
584,Kamareddy ,2017,June,41,Kamareddy 
1134,Kamareddy ,2017,November,43,Kamareddy 
474,Kamareddy ,2017,May,60,Kamareddy 
254,Kamareddy ,2017,March,41,Kamareddy 
365,Karimnagar ,2017,April,8630,Karimnagar 
145,Karimnagar ,2017,February,10845,Karimnagar 
35,Karimnagar ,2017,January,14425,Karimnagar 
585,Karimnagar ,2017,June,10542,Karimnagar 
1025,Karimnagar ,2017,October,8371,Karimnagar 
695,Karimnagar ,2017,July,12350,Karimnagar 
1245,Karimnagar ,2017,December,13065,Karimnagar 
1135,Karimnagar ,2017,November,8705,Karimnagar 
805,Karimnagar ,2017,August,10952,Karimnagar 
475,Karimnagar ,2017,May,8890,Karimnagar 
255,Karimnagar ,2017,March,9625,Karimnagar 
915,Karimnagar ,2017,September,7576,Karimnagar 
1246,Khammam,2017,December,137825,Khammam
696,Khammam,2017,July,105102,Khammam
586,Khammam,2017,June,138158,Khammam
146,Khammam,2017,February,115470,Khammam
1136,Khammam,2017,November,110800,Khammam
256,Khammam,2017,March,101878,Khammam
806,Khammam,2017,August,129159,Khammam
476,Khammam,2017,May,138799,Khammam
36,Khammam,2017,January,132528,Khammam
1026,Khammam,2017,October,155943,Khammam
916,Khammam,2017,September,140821,Khammam
366,Khammam,2017,April,135920,Khammam
1247,Komaram Bheem Asifabad,2017,December,4218,Komaram Bheem Asifabad
807,Komaram Bheem Asifabad,2017,August,3665,Komaram Bheem Asifabad
257,Komaram Bheem Asifabad,2017,March,2767,Komaram Bheem Asifabad
1027,Komaram Bheem Asifabad,2017,October,14050,Komaram Bheem Asifabad
37,Komaram Bheem Asifabad,2017,January,2241,Komaram Bheem Asifabad
587,Komaram Bheem Asifabad,2017,June,3796,Komaram Bheem Asifabad
917,Komaram Bheem Asifabad,2017,September,3934,Komaram Bheem Asifabad
1137,Komaram Bheem Asifabad,2017,November,3627,Komaram Bheem Asifabad
477,Komaram Bheem Asifabad,2017,May,3416,Komaram Bheem Asifabad
697,Komaram Bheem Asifabad,2017,July,3713,Komaram Bheem Asifabad
367,Komaram Bheem Asifabad,2017,April,3074,Komaram Bheem Asifabad
147,Komaram Bheem Asifabad,2017,February,2490,Komaram Bheem Asifabad
478,Mahabubabad ,2017,May,10220,Mahabubabad 
808,Mahabubabad ,2017,August,12520,Mahabubabad 
698,Mahabubabad ,2017,July,10170,Mahabubabad 
148,Mahabubabad ,2017,February,13045,Mahabubabad 
38,Mahabubabad ,2017,January,13260,Mahabubabad 
258,Mahabubabad ,2017,March,9100,Mahabubabad 
1028,Mahabubabad ,2017,October,13750,Mahabubabad 
1138,Mahabubabad ,2017,November,13560,Mahabubabad 
368,Mahabubabad ,2017,April,9140,Mahabubabad 
1248,Mahabubabad ,2017,December,13780,Mahabubabad 
588,Mahabubabad ,2017,June,10130,Mahabubabad 
918,Mahabubabad ,2017,September,13140,Mahabubabad 
589,Mahbubnagar,2017,June,179210,Mahbubnagar
809,Mahbubnagar,2017,August,215229,Mahbubnagar
1249,Mahbubnagar,2017,December,426167,Mahbubnagar
369,Mahbubnagar,2017,April,208694,Mahbubnagar
149,Mahbubnagar,2017,February,805392,Mahbubnagar
1139,Mahbubnagar,2017,November,259060,Mahbubnagar
919,Mahbubnagar,2017,September,180675,Mahbubnagar
39,Mahbubnagar,2017,January,446135,Mahbubnagar
699,Mahbubnagar,2017,July,179099,Mahbubnagar
259,Mahbubnagar,2017,March,178256,Mahbubnagar
1029,Mahbubnagar,2017,October,196103,Mahbubnagar
479,Mahbubnagar,2017,May,214209,Mahbubnagar
370,Mancherial,2017,April,1513,Mancherial
1250,Mancherial,2017,December,30328,Mancherial
1140,Mancherial,2017,November,25737,Mancherial
480,Mancherial,2017,May,1424,Mancherial
1030,Mancherial,2017,October,37671,Mancherial
920,Mancherial,2017,September,24297,Mancherial
810,Mancherial,2017,August,26104,Mancherial
700,Mancherial,2017,July,33591,Mancherial
150,Mancherial,2017,February,3130,Mancherial
260,Mancherial,2017,March,2775,Mancherial
40,Mancherial,2017,January,2937,Mancherial
590,Mancherial,2017,June,2119,Mancherial
481,Medak ,2017,May,556891,Medak 
921,Medak ,2017,September,696113,Medak 
371,Medak ,2017,April,554864,Medak 
41,Medak ,2017,January,523000,Medak 
1031,Medak ,2017,October,765724,Medak 
591,Medak ,2017,June,561469,Medak 
811,Medak ,2017,August,632830,Medak 
151,Medak ,2017,February,543321,Medak 
1141,Medak ,2017,November,842296,Medak 
701,Medak ,2017,July,575300,Medak 
1251,Medak ,2017,December,926526,Medak 
261,Medak ,2017,March,548535,Medak 
702,Nagarkurnool ,2017,July,180010,Nagarkurnool 
922,Nagarkurnool ,2017,September,118010,Nagarkurnool 
1142,Nagarkurnool ,2017,November,188786,Nagarkurnool 
42,Nagarkurnool ,2017,January,382879,Nagarkurnool 
592,Nagarkurnool ,2017,June,180010,Nagarkurnool 
1252,Nagarkurnool ,2017,December,382879,Nagarkurnool 
1032,Nagarkurnool ,2017,October,201050,Nagarkurnool 
482,Nagarkurnool ,2017,May,183697,Nagarkurnool 
152,Nagarkurnool ,2017,February,286258,Nagarkurnool 
262,Nagarkurnool ,2017,March,184508,Nagarkurnool 
372,Nagarkurnool ,2017,April,183697,Nagarkurnool 
812,Nagarkurnool ,2017,August,181861,Nagarkurnool 
1253,Nalgonda,2017,December,25897,Nalgonda
1143,Nalgonda,2017,November,17687,Nalgonda
1033,Nalgonda,2017,October,36066,Nalgonda
923,Nalgonda,2017,September,17465,Nalgonda
813,Nalgonda,2017,August,9363,Nalgonda
153,Nalgonda,2017,February,8652,Nalgonda
373,Nalgonda,2017,April,44295,Nalgonda
263,Nalgonda,2017,March,8054,Nalgonda
593,Nalgonda,2017,June,37879,Nalgonda
703,Nalgonda,2017,July,21361,Nalgonda
483,Nalgonda,2017,May,10750,Nalgonda
43,Nalgonda,2017,January,4447,Nalgonda
924,Nirmal,2017,September,528540,Nirmal
814,Nirmal,2017,August,340430,Nirmal
154,Nirmal,2017,February,415326,Nirmal
264,Nirmal,2017,March,442057,Nirmal
594,Nirmal,2017,June,340359,Nirmal
484,Nirmal,2017,May,297233,Nirmal
1254,Nirmal,2017,December,340585,Nirmal
1034,Nirmal,2017,October,388644,Nirmal
1144,Nirmal,2017,November,369365,Nirmal
704,Nirmal,2017,July,328101,Nirmal
374,Nirmal,2017,April,274132,Nirmal
44,Nirmal,2017,January,340311,Nirmal
265,Nizamabad,2017,March,660,Nizamabad
705,Nizamabad,2017,July,1520,Nizamabad
45,Nizamabad,2017,January,613,Nizamabad
1145,Nizamabad,2017,November,1677,Nizamabad
375,Nizamabad,2017,April,1048,Nizamabad
815,Nizamabad,2017,August,1583,Nizamabad
1255,Nizamabad,2017,December,1787,Nizamabad
595,Nizamabad,2017,June,2391,Nizamabad
925,Nizamabad,2017,September,933,Nizamabad
155,Nizamabad,2017,February,1752,Nizamabad
485,Nizamabad,2017,May,1341,Nizamabad
1035,Nizamabad,2017,October,6644,Nizamabad
266,Peddapalli,2017,March,965,Peddapalli
1036,Peddapalli,2017,October,1595,Peddapalli
1256,Peddapalli,2017,December,1765,Peddapalli
486,Peddapalli,2017,May,640,Peddapalli
1146,Peddapalli,2017,November,1940,Peddapalli
926,Peddapalli,2017,September,1155,Peddapalli
816,Peddapalli,2017,August,1385,Peddapalli
706,Peddapalli,2017,July,1095,Peddapalli
156,Peddapalli,2017,February,1378,Peddapalli
46,Peddapalli,2017,January,1345,Peddapalli
376,Peddapalli,2017,April,750,Peddapalli
596,Peddapalli,2017,June,885,Peddapalli
817,Rajanna Sircilla ,2017,August,1004410,Rajanna Sircilla 
1037,Rajanna Sircilla ,2017,October,845620,Rajanna Sircilla 
1147,Rajanna Sircilla ,2017,November,1191129,Rajanna Sircilla 
377,Rajanna Sircilla ,2017,April,1146782,Rajanna Sircilla 
707,Rajanna Sircilla ,2017,July,462022,Rajanna Sircilla 
1257,Rajanna Sircilla ,2017,December,1649362,Rajanna Sircilla 
47,Rajanna Sircilla ,2017,January,615842,Rajanna Sircilla 
597,Rajanna Sircilla ,2017,June,1113882,Rajanna Sircilla 
487,Rajanna Sircilla ,2017,May,1117228,Rajanna Sircilla 
267,Rajanna Sircilla ,2017,March,1030441,Rajanna Sircilla 
157,Rajanna Sircilla ,2017,February,1255569,Rajanna Sircilla 
927,Rajanna Sircilla ,2017,September,487060,Rajanna Sircilla 
488,Sangareddy ,2017,May,215000,Sangareddy 
708,Sangareddy ,2017,July,195000,Sangareddy 
1038,Sangareddy ,2017,October,232000,Sangareddy 
928,Sangareddy ,2017,September,200000,Sangareddy 
598,Sangareddy ,2017,June,180000,Sangareddy 
1258,Sangareddy ,2017,December,356950,Sangareddy 
378,Sangareddy ,2017,April,215000,Sangareddy 
818,Sangareddy ,2017,August,295000,Sangareddy 
158,Sangareddy ,2017,February,140000,Sangareddy 
1148,Sangareddy ,2017,November,324500,Sangareddy 
268,Sangareddy ,2017,March,275000,Sangareddy 
48,Sangareddy ,2017,January,195000,Sangareddy 
49,Siddipet,2017,January,80500,Siddipet
269,Siddipet,2017,March,80500,Siddipet
1259,Siddipet,2017,December,142612,Siddipet
599,Siddipet,2017,June,60000,Siddipet
1149,Siddipet,2017,November,129647,Siddipet
1039,Siddipet,2017,October,117861,Siddipet
709,Siddipet,2017,July,88550,Siddipet
929,Siddipet,2017,September,107146,Siddipet
819,Siddipet,2017,August,97405,Siddipet
489,Siddipet,2017,May,80500,Siddipet
379,Siddipet,2017,April,80500,Siddipet
159,Siddipet,2017,February,80500,Siddipet
600,Wanaparthy ,2017,June,19092,Wanaparthy 
710,Wanaparthy ,2017,July,19092,Wanaparthy 
270,Wanaparthy ,2017,March,20050,Wanaparthy 
50,Wanaparthy ,2017,January,22152,Wanaparthy 
1040,Wanaparthy ,2017,October,21234,Wanaparthy 
160,Wanaparthy ,2017,February,22342,Wanaparthy 
490,Wanaparthy ,2017,May,11502,Wanaparthy 
1260,Wanaparthy ,2017,December,22152,Wanaparthy 
930,Wanaparthy ,2017,September,35860,Wanaparthy 
380,Wanaparthy ,2017,April,11502,Wanaparthy 
1150,Wanaparthy ,2017,November,18348,Wanaparthy 
820,Wanaparthy ,2017,August,21375,Wanaparthy 
161,Warangal (Rural),2017,February,8300,Warangal (Rural)
1261,Warangal (Rural),2017,December,21200,Warangal (Rural)
601,Warangal (Rural),2017,June,9000,Warangal (Rural)
381,Warangal (Rural),2017,April,7600,Warangal (Rural)
271,Warangal (Rural),2017,March,7800,Warangal (Rural)
931,Warangal (Rural),2017,September,13800,Warangal (Rural)
711,Warangal (Rural),2017,July,13600,Warangal (Rural)
491,Warangal (Rural),2017,May,8500,Warangal (Rural)
1041,Warangal (Rural),2017,October,16500,Warangal (Rural)
821,Warangal (Rural),2017,August,13650,Warangal (Rural)
51,Warangal (Rural),2017,January,8000,Warangal (Rural)
1151,Warangal (Rural),2017,November,16300,Warangal (Rural)
932,Warangal (Urban),2017,September,117150,Hanumakonda
1152,Warangal (Urban),2017,November,119360,Hanumakonda
162,Warangal (Urban),2017,February,126608,Hanumakonda
602,Warangal (Urban),2017,June,111530,Hanumakonda
492,Warangal (Urban),2017,May,109915,Hanumakonda
822,Warangal (Urban),2017,August,116810,Hanumakonda
382,Warangal (Urban),2017,April,107133,Hanumakonda
712,Warangal (Urban),2017,July,116545,Hanumakonda
52,Warangal (Urban),2017,January,130608,Hanumakonda
272,Warangal (Urban),2017,March,118298,Hanumakonda
1262,Warangal (Urban),2017,December,126790,Hanumakonda
1042,Warangal (Urban),2017,October,119255,Hanumakonda
53,Yadadri Bhongir,2017,January,678000,Yadadri Bhongir
823,Yadadri Bhongir,2017,August,680720,Yadadri Bhongir
933,Yadadri Bhongir,2017,September,678925,Yadadri Bhongir
713,Yadadri Bhongir,2017,July,481240,Yadadri Bhongir
603,Yadadri Bhongir,2017,June,685880,Yadadri Bhongir
1263,Yadadri Bhongir,2017,December,481075,Yadadri Bhongir
383,Yadadri Bhongir,2017,April,570000,Yadadri Bhongir
163,Yadadri Bhongir,2017,February,540500,Yadadri Bhongir
273,Yadadri Bhongir,2017,March,525588,Yadadri Bhongir
493,Yadadri Bhongir,2017,May,458700,Yadadri Bhongir
1153,Yadadri Bhongir,2017,November,537600,Yadadri Bhongir
1043,Yadadri Bhongir,2017,October,683500,Yadadri Bhongir
1154,Adilabad,2018,November,49181,Adilabad
274,Adilabad,2018,March,23011,Adilabad
604,Adilabad,2018,June,12052,Adilabad
384,Adilabad,2018,April,14183,Adilabad
934,Adilabad,2018,September,25875,Adilabad
824,Adilabad,2018,August,38939,Adilabad
494,Adilabad,2018,May,8197,Adilabad
54,Adilabad,2018,January,320356,Adilabad
1264,Adilabad,2018,December,61476,Adilabad
1044,Adilabad,2018,October,30257,Adilabad
164,Adilabad,2018,February,36550,Adilabad
714,Adilabad,2018,July,24666,Adilabad
1155,Bhadradri Kothagudem ,2018,November,253464,Bhadradri Kothagudem 
1045,Bhadradri Kothagudem ,2018,October,322974,Bhadradri Kothagudem 
275,Bhadradri Kothagudem ,2018,March,421275,Bhadradri Kothagudem 
385,Bhadradri Kothagudem ,2018,April,341258,Bhadradri Kothagudem 
495,Bhadradri Kothagudem ,2018,May,291273,Bhadradri Kothagudem 
165,Bhadradri Kothagudem ,2018,February,240634,Bhadradri Kothagudem 
715,Bhadradri Kothagudem ,2018,July,220304,Bhadradri Kothagudem 
605,Bhadradri Kothagudem ,2018,June,290512,Bhadradri Kothagudem 
825,Bhadradri Kothagudem ,2018,August,219548,Bhadradri Kothagudem 
935,Bhadradri Kothagudem ,2018,September,334878,Bhadradri Kothagudem 
1265,Bhadradri Kothagudem ,2018,December,442483,Bhadradri Kothagudem 
55,Bhadradri Kothagudem ,2018,January,421275,Bhadradri Kothagudem 
496,Hyderabad,2018,May,1189492,Hyderabad
826,Hyderabad,2018,August,1591470,Hyderabad
276,Hyderabad,2018,March,1415938,Hyderabad
936,Hyderabad,2018,September,1508086,Hyderabad
1046,Hyderabad,2018,October,2207478,Hyderabad
1156,Hyderabad,2018,November,1671320,Hyderabad
606,Hyderabad,2018,June,1595067,Hyderabad
716,Hyderabad,2018,July,1470042,Hyderabad
166,Hyderabad,2018,February,1365837,Hyderabad
56,Hyderabad,2018,January,1978396,Hyderabad
386,Hyderabad,2018,April,1586375,Hyderabad
1266,Hyderabad,2018,December,1964150,Hyderabad
1267,Jagtial ,2018,December,231323,Jagtial 
277,Jagtial ,2018,March,416716,Jagtial 
497,Jagtial ,2018,May,641363,Jagtial 
607,Jagtial ,2018,June,182505,Jagtial 
1157,Jagtial ,2018,November,277997,Jagtial 
387,Jagtial ,2018,April,372874,Jagtial 
827,Jagtial ,2018,August,272685,Jagtial 
167,Jagtial ,2018,February,349576,Jagtial 
57,Jagtial ,2018,January,614082,Jagtial 
717,Jagtial ,2018,July,182473,Jagtial 
1047,Jagtial ,2018,October,138206,Jagtial 
937,Jagtial ,2018,September,273121,Jagtial 
608,Jangaon ,2018,June,23050,Jangaon 
1158,Jangaon ,2018,November,29570,Jangaon 
168,Jangaon ,2018,February,18600,Jangaon 
58,Jangaon ,2018,January,17180,Jangaon 
498,Jangaon ,2018,May,19660,Jangaon 
938,Jangaon ,2018,September,28830,Jangaon 
278,Jangaon ,2018,March,17300,Jangaon 
828,Jangaon ,2018,August,26020,Jangaon 
718,Jangaon ,2018,July,26280,Jangaon 
1268,Jangaon ,2018,December,36962,Jangaon 
388,Jangaon ,2018,April,18100,Jangaon 
1048,Jangaon ,2018,October,29470,Jangaon 
939,Jayashankar Bhoopalpally,2018,September,192300,Jayashankar Bhoopalpally
389,Jayashankar Bhoopalpally,2018,April,149150,Jayashankar Bhoopalpally
1049,Jayashankar Bhoopalpally,2018,October,195400,Jayashankar Bhoopalpally
169,Jayashankar Bhoopalpally,2018,February,8626250,Jayashankar Bhoopalpally
609,Jayashankar Bhoopalpally,2018,June,159400,Jayashankar Bhoopalpally
1269,Jayashankar Bhoopalpally,2018,December,245625,Jayashankar Bhoopalpally
279,Jayashankar Bhoopalpally,2018,March,146150,Jayashankar Bhoopalpally
829,Jayashankar Bhoopalpally,2018,August,184700,Jayashankar Bhoopalpally
499,Jayashankar Bhoopalpally,2018,May,152050,Jayashankar Bhoopalpally
719,Jayashankar Bhoopalpally,2018,July,128550,Jayashankar Bhoopalpally
59,Jayashankar Bhoopalpally,2018,January,6519850,Jayashankar Bhoopalpally
1159,Jayashankar Bhoopalpally,2018,November,196500,Jayashankar Bhoopalpally
390,Jogulamba Gadwal ,2018,April,138673,Jogulamba Gadwal 
610,Jogulamba Gadwal ,2018,June,160182,Jogulamba Gadwal 
940,Jogulamba Gadwal ,2018,September,121710,Jogulamba Gadwal 
1160,Jogulamba Gadwal ,2018,November,128075,Jogulamba Gadwal 
720,Jogulamba Gadwal ,2018,July,114951,Jogulamba Gadwal 
1270,Jogulamba Gadwal ,2018,December,182333,Jogulamba Gadwal 
280,Jogulamba Gadwal ,2018,March,155013,Jogulamba Gadwal 
1050,Jogulamba Gadwal ,2018,October,152898,Jogulamba Gadwal 
60,Jogulamba Gadwal ,2018,January,146441,Jogulamba Gadwal 
830,Jogulamba Gadwal ,2018,August,123733,Jogulamba Gadwal 
170,Jogulamba Gadwal ,2018,February,481110,Jogulamba Gadwal 
500,Jogulamba Gadwal ,2018,May,131426,Jogulamba Gadwal 
611,Kamareddy ,2018,June,56,Kamareddy 
61,Kamareddy ,2018,January,44,Kamareddy 
1161,Kamareddy ,2018,November,41,Kamareddy 
831,Kamareddy ,2018,August,55,Kamareddy 
721,Kamareddy ,2018,July,48,Kamareddy 
1271,Kamareddy ,2018,December,43,Kamareddy 
171,Kamareddy ,2018,February,44,Kamareddy 
941,Kamareddy ,2018,September,40,Kamareddy 
1051,Kamareddy ,2018,October,62,Kamareddy 
391,Kamareddy ,2018,April,45,Kamareddy 
281,Kamareddy ,2018,March,45,Kamareddy 
501,Kamareddy ,2018,May,49,Kamareddy 
172,Karimnagar ,2018,February,9330,Karimnagar 
1272,Karimnagar ,2018,December,7800,Karimnagar 
392,Karimnagar ,2018,April,5830,Karimnagar 
282,Karimnagar ,2018,March,7205,Karimnagar 
62,Karimnagar ,2018,January,13505,Karimnagar 
502,Karimnagar ,2018,May,5689,Karimnagar 
1162,Karimnagar ,2018,November,7145,Karimnagar 
942,Karimnagar ,2018,September,8480,Karimnagar 
612,Karimnagar ,2018,June,7180,Karimnagar 
722,Karimnagar ,2018,July,6686,Karimnagar 
1052,Karimnagar ,2018,October,6118,Karimnagar 
832,Karimnagar ,2018,August,8480,Karimnagar 
943,Khammam,2018,September,143465,Khammam
1053,Khammam,2018,October,127645,Khammam
723,Khammam,2018,July,85932,Khammam
1163,Khammam,2018,November,99070,Khammam
393,Khammam,2018,April,126553,Khammam
283,Khammam,2018,March,127152,Khammam
503,Khammam,2018,May,135189,Khammam
833,Khammam,2018,August,86309,Khammam
173,Khammam,2018,February,104444,Khammam
1273,Khammam,2018,December,135600,Khammam
63,Khammam,2018,January,110094,Khammam
613,Khammam,2018,June,135988,Khammam
1274,Komaram Bheem Asifabad,2018,December,2176,Komaram Bheem Asifabad
1054,Komaram Bheem Asifabad,2018,October,2525,Komaram Bheem Asifabad
174,Komaram Bheem Asifabad,2018,February,2736,Komaram Bheem Asifabad
64,Komaram Bheem Asifabad,2018,January,2863,Komaram Bheem Asifabad
284,Komaram Bheem Asifabad,2018,March,1826,Komaram Bheem Asifabad
504,Komaram Bheem Asifabad,2018,May,793,Komaram Bheem Asifabad
834,Komaram Bheem Asifabad,2018,August,2263,Komaram Bheem Asifabad
1164,Komaram Bheem Asifabad,2018,November,1741,Komaram Bheem Asifabad
944,Komaram Bheem Asifabad,2018,September,1819,Komaram Bheem Asifabad
724,Komaram Bheem Asifabad,2018,July,1954,Komaram Bheem Asifabad
614,Komaram Bheem Asifabad,2018,June,990,Komaram Bheem Asifabad
394,Komaram Bheem Asifabad,2018,April,868,Komaram Bheem Asifabad
725,Mahabubabad ,2018,July,13970,Mahabubabad 
505,Mahabubabad ,2018,May,12865,Mahabubabad 
175,Mahabubabad ,2018,February,14230,Mahabubabad 
1055,Mahabubabad ,2018,October,13550,Mahabubabad 
835,Mahabubabad ,2018,August,13200,Mahabubabad 
945,Mahabubabad ,2018,September,13420,Mahabubabad 
395,Mahabubabad ,2018,April,12915,Mahabubabad 
65,Mahabubabad ,2018,January,14000,Mahabubabad 
1165,Mahabubabad ,2018,November,13700,Mahabubabad 
615,Mahabubabad ,2018,June,13910,Mahabubabad 
1275,Mahabubabad ,2018,December,17125,Mahabubabad 
285,Mahabubabad ,2018,March,13110,Mahabubabad 
506,Mahbubnagar,2018,May,193478,Mahbubnagar
946,Mahbubnagar,2018,September,167833,Mahbubnagar
1276,Mahbubnagar,2018,December,198227,Mahbubnagar
1166,Mahbubnagar,2018,November,295910,Mahbubnagar
836,Mahbubnagar,2018,August,169154,Mahbubnagar
726,Mahbubnagar,2018,July,161841,Mahbubnagar
176,Mahbubnagar,2018,February,788083,Mahbubnagar
1056,Mahbubnagar,2018,October,193152,Mahbubnagar
616,Mahbubnagar,2018,June,165553,Mahbubnagar
66,Mahbubnagar,2018,January,156153,Mahbubnagar
396,Mahbubnagar,2018,April,196061,Mahbubnagar
286,Mahbubnagar,2018,March,166863,Mahbubnagar
617,Mancherial,2018,June,31667,Mancherial
507,Mancherial,2018,May,26179,Mancherial
177,Mancherial,2018,February,38599,Mancherial
67,Mancherial,2018,January,71955,Mancherial
287,Mancherial,2018,March,20749,Mancherial
1057,Mancherial,2018,October,30740,Mancherial
397,Mancherial,2018,April,38483,Mancherial
1277,Mancherial,2018,December,31496,Mancherial
1167,Mancherial,2018,November,25197,Mancherial
947,Mancherial,2018,September,23141,Mancherial
837,Mancherial,2018,August,31861,Mancherial
727,Mancherial,2018,July,27937,Mancherial
178,Medak ,2018,February,1000000,Medak 
838,Medak ,2018,August,50000,Medak 
1168,Medak ,2018,November,200000,Medak 
68,Medak ,2018,January,100000,Medak 
618,Medak ,2018,June,500000,Medak 
1278,Medak ,2018,December,400000,Medak 
508,Medak ,2018,May,300000,Medak 
1058,Medak ,2018,October,300000,Medak 
728,Medak ,2018,July,150000,Medak 
398,Medak ,2018,April,200000,Medak 
288,Medak ,2018,March,600000,Medak 
948,Medak ,2018,September,100000,Medak 
839,Nagarkurnool ,2018,August,118010,Nagarkurnool 
289,Nagarkurnool ,2018,March,184508,Nagarkurnool 
619,Nagarkurnool ,2018,June,180010,Nagarkurnool 
399,Nagarkurnool ,2018,April,174592,Nagarkurnool 
69,Nagarkurnool ,2018,January,228812,Nagarkurnool 
729,Nagarkurnool ,2018,July,93450,Nagarkurnool 
179,Nagarkurnool ,2018,February,286258,Nagarkurnool 
1059,Nagarkurnool ,2018,October,201050,Nagarkurnool 
509,Nagarkurnool ,2018,May,183697,Nagarkurnool 
1169,Nagarkurnool ,2018,November,121452,Nagarkurnool 
1279,Nagarkurnool ,2018,December,198637,Nagarkurnool 
949,Nagarkurnool ,2018,September,118449,Nagarkurnool 
290,Nalgonda,2018,March,9677,Nalgonda
1280,Nalgonda,2018,December,6777,Nalgonda
730,Nalgonda,2018,July,9668,Nalgonda
950,Nalgonda,2018,September,21365,Nalgonda
400,Nalgonda,2018,April,9779,Nalgonda
70,Nalgonda,2018,January,36205,Nalgonda
1170,Nalgonda,2018,November,5422,Nalgonda
180,Nalgonda,2018,February,9971,Nalgonda
1060,Nalgonda,2018,October,22332,Nalgonda
840,Nalgonda,2018,August,10135,Nalgonda
620,Nalgonda,2018,June,9066,Nalgonda
510,Nalgonda,2018,May,10241,Nalgonda
511,Nirmal,2018,May,342650,Nirmal
181,Nirmal,2018,February,335447,Nirmal
1171,Nirmal,2018,November,289169,Nirmal
71,Nirmal,2018,January,480241,Nirmal
951,Nirmal,2018,September,293859,Nirmal
621,Nirmal,2018,June,355197,Nirmal
1061,Nirmal,2018,October,373291,Nirmal
1281,Nirmal,2018,December,361461,Nirmal
291,Nirmal,2018,March,328099,Nirmal
731,Nirmal,2018,July,335356,Nirmal
401,Nirmal,2018,April,368645,Nirmal
841,Nirmal,2018,August,313910,Nirmal
1282,Nizamabad,2018,December,355,Nizamabad
952,Nizamabad,2018,September,475,Nizamabad
512,Nizamabad,2018,May,5360,Nizamabad
1062,Nizamabad,2018,October,490,Nizamabad
72,Nizamabad,2018,January,2495,Nizamabad
732,Nizamabad,2018,July,5882,Nizamabad
182,Nizamabad,2018,February,7152,Nizamabad
402,Nizamabad,2018,April,3550,Nizamabad
622,Nizamabad,2018,June,1761,Nizamabad
842,Nizamabad,2018,August,10525,Nizamabad
1172,Nizamabad,2018,November,475,Nizamabad
292,Nizamabad,2018,March,2903,Nizamabad
513,Peddapalli,2018,May,1499,Peddapalli
73,Peddapalli,2018,January,2670,Peddapalli
1283,Peddapalli,2018,December,1695,Peddapalli
183,Peddapalli,2018,February,2695,Peddapalli
1063,Peddapalli,2018,October,1545,Peddapalli
403,Peddapalli,2018,April,1940,Peddapalli
623,Peddapalli,2018,June,1580,Peddapalli
843,Peddapalli,2018,August,1595,Peddapalli
953,Peddapalli,2018,September,1475,Peddapalli
733,Peddapalli,2018,July,1580,Peddapalli
293,Peddapalli,2018,March,2325,Peddapalli
1173,Peddapalli,2018,November,1655,Peddapalli
514,Rajanna Sircilla ,2018,May,1021952,Rajanna Sircilla 
1064,Rajanna Sircilla ,2018,October,506563,Rajanna Sircilla 
74,Rajanna Sircilla ,2018,January,2238074,Rajanna Sircilla 
294,Rajanna Sircilla ,2018,March,1022669,Rajanna Sircilla 
954,Rajanna Sircilla ,2018,September,818693,Rajanna Sircilla 
624,Rajanna Sircilla ,2018,June,320886,Rajanna Sircilla 
184,Rajanna Sircilla ,2018,February,1021787,Rajanna Sircilla 
1284,Rajanna Sircilla ,2018,December,950128,Rajanna Sircilla 
844,Rajanna Sircilla ,2018,August,320952,Rajanna Sircilla 
404,Rajanna Sircilla ,2018,April,833874,Rajanna Sircilla 
734,Rajanna Sircilla ,2018,July,937720,Rajanna Sircilla 
1174,Rajanna Sircilla ,2018,November,840933,Rajanna Sircilla 
735,Sangareddy ,2018,July,108600,Sangareddy 
1175,Sangareddy ,2018,November,160000,Sangareddy 
185,Sangareddy ,2018,February,540000,Sangareddy 
75,Sangareddy ,2018,January,254000,Sangareddy 
295,Sangareddy ,2018,March,158500,Sangareddy 
625,Sangareddy ,2018,June,93500,Sangareddy 
405,Sangareddy ,2018,April,162500,Sangareddy 
1065,Sangareddy ,2018,October,171800,Sangareddy 
955,Sangareddy ,2018,September,125000,Sangareddy 
1285,Sangareddy ,2018,December,134000,Sangareddy 
515,Sangareddy ,2018,May,157000,Sangareddy 
845,Sangareddy ,2018,August,205000,Sangareddy 
956,Siddipet,2018,September,55000,Siddipet
626,Siddipet,2018,June,104300,Siddipet
516,Siddipet,2018,May,165200,Siddipet
846,Siddipet,2018,August,100000,Siddipet
1176,Siddipet,2018,November,135000,Siddipet
736,Siddipet,2018,July,54000,Siddipet
186,Siddipet,2018,February,44000,Siddipet
76,Siddipet,2018,January,253000,Siddipet
1286,Siddipet,2018,December,50000,Siddipet
406,Siddipet,2018,April,115000,Siddipet
1066,Siddipet,2018,October,43000,Siddipet
296,Siddipet,2018,March,164800,Siddipet
407,Wanaparthy ,2018,April,10550,Wanaparthy 
77,Wanaparthy ,2018,January,28131,Wanaparthy 
297,Wanaparthy ,2018,March,20050,Wanaparthy 
847,Wanaparthy ,2018,August,35860,Wanaparthy 
1177,Wanaparthy ,2018,November,32657,Wanaparthy 
627,Wanaparthy ,2018,June,19092,Wanaparthy 
1067,Wanaparthy ,2018,October,21234,Wanaparthy 
187,Wanaparthy ,2018,February,22341,Wanaparthy 
1287,Wanaparthy ,2018,December,20556,Wanaparthy 
517,Wanaparthy ,2018,May,11502,Wanaparthy 
957,Wanaparthy ,2018,September,32002,Wanaparthy 
737,Wanaparthy ,2018,July,32625,Wanaparthy 
518,Warangal (Rural),2018,May,22100,Warangal (Rural)
628,Warangal (Rural),2018,June,23100,Warangal (Rural)
78,Warangal (Rural),2018,January,25200,Warangal (Rural)
188,Warangal (Rural),2018,February,26300,Warangal (Rural)
1288,Warangal (Rural),2018,December,30062,Warangal (Rural)
1178,Warangal (Rural),2018,November,24050,Warangal (Rural)
848,Warangal (Rural),2018,August,25700,Warangal (Rural)
958,Warangal (Rural),2018,September,25800,Warangal (Rural)
408,Warangal (Rural),2018,April,21600,Warangal (Rural)
298,Warangal (Rural),2018,March,26200,Warangal (Rural)
1068,Warangal (Rural),2018,October,26000,Warangal (Rural)
738,Warangal (Rural),2018,July,25900,Warangal (Rural)
1069,Warangal (Urban),2018,October,140948,Hanumakonda
1289,Warangal (Urban),2018,December,180643,Hanumakonda
849,Warangal (Urban),2018,August,136760,Hanumakonda
189,Warangal (Urban),2018,February,145750,Hanumakonda
1179,Warangal (Urban),2018,November,144515,Hanumakonda
519,Warangal (Urban),2018,May,143425,Hanumakonda
629,Warangal (Urban),2018,June,135615,Hanumakonda
959,Warangal (Urban),2018,September,138780,Hanumakonda
409,Warangal (Urban),2018,April,142510,Hanumakonda
739,Warangal (Urban),2018,July,136560,Hanumakonda
79,Warangal (Urban),2018,January,137530,Hanumakonda
299,Warangal (Urban),2018,March,140300,Hanumakonda
630,Yadadri Bhongir,2018,June,577570,Yadadri Bhongir
1180,Yadadri Bhongir,2018,November,485208,Yadadri Bhongir
1070,Yadadri Bhongir,2018,October,586475,Yadadri Bhongir
520,Yadadri Bhongir,2018,May,781842,Yadadri Bhongir
1290,Yadadri Bhongir,2018,December,606510,Yadadri Bhongir
190,Yadadri Bhongir,2018,February,3073872,Yadadri Bhongir
410,Yadadri Bhongir,2018,April,692370,Yadadri Bhongir
300,Yadadri Bhongir,2018,March,2836580,Yadadri Bhongir
740,Yadadri Bhongir,2018,July,671156,Yadadri Bhongir
960,Yadadri Bhongir,2018,September,819350,Yadadri Bhongir
80,Yadadri Bhongir,2018,January,2016000,Yadadri Bhongir
850,Yadadri Bhongir,2018,August,526445,Yadadri Bhongir
631,Adilabad,2019,June,9161,Adilabad
191,Adilabad,2019,February,406177,Adilabad
961,Adilabad,2019,September,37589,Adilabad
1291,Adilabad,2019,December,38089,Adilabad
851,Adilabad,2019,August,108173,Adilabad
1071,Adilabad,2019,October,38184,Adilabad
521,Adilabad,2019,May,6997,Adilabad
1181,Adilabad,2019,November,70344,Adilabad
301,Adilabad,2019,March,14347,Adilabad
741,Adilabad,2019,July,11791,Adilabad
411,Adilabad,2019,April,9972,Adilabad
81,Adilabad,2019,January,25071,Adilabad
1182,Bhadradri Kothagudem ,2019,November,298366,Bhadradri Kothagudem 
82,Bhadradri Kothagudem ,2019,January,283365,Bhadradri Kothagudem 
1292,Bhadradri Kothagudem ,2019,December,287328,Bhadradri Kothagudem 
302,Bhadradri Kothagudem ,2019,March,225448,Bhadradri Kothagudem 
192,Bhadradri Kothagudem ,2019,February,229159,Bhadradri Kothagudem 
852,Bhadradri Kothagudem ,2019,August,271941,Bhadradri Kothagudem 
962,Bhadradri Kothagudem ,2019,September,314199,Bhadradri Kothagudem 
522,Bhadradri Kothagudem ,2019,May,275800,Bhadradri Kothagudem 
632,Bhadradri Kothagudem ,2019,June,9761776,Bhadradri Kothagudem 
742,Bhadradri Kothagudem ,2019,July,233338,Bhadradri Kothagudem 
1072,Bhadradri Kothagudem ,2019,October,287432,Bhadradri Kothagudem 
412,Bhadradri Kothagudem ,2019,April,349585,Bhadradri Kothagudem 
83,Hyderabad,2019,January,1426500,Hyderabad
303,Hyderabad,2019,March,1009991,Hyderabad
413,Hyderabad,2019,April,1045933,Hyderabad
633,Hyderabad,2019,June,1262995,Hyderabad
