,district,Year,month,Visitors
0,Adilabad,2016,January,792136
110,Adilabad,2016,February,937820
220,Adilabad,2016,March,582946
330,Adilabad,2016,April,341948
440,Adilabad,2016,May,252887
550,Adilabad,2016,June,368237
660,Adilabad,2016,July,447562
770,Adilabad,2016,August,614285
880,Adilabad,2016,September,491279
990,Adilabad,2016,October,94184
1100,Adilabad,2016,November,99148
1210,Adilabad,2016,December,53125
1,Bhadradri Kothagudem ,2016,January,296343.3333
111,Bhadradri Kothagudem ,2016,February,296343.3333
221,Bhadradri Kothagudem ,2016,March,296343.3333
331,Bhadradri Kothagudem ,2016,April,296343.3333
441,Bhadradri Kothagudem ,2016,May,296343.3333
551,Bhadradri Kothagudem ,2016,June,296343.3333
661,Bhadradri Kothagudem ,2016,July,296343.3333
771,Bhadradri Kothagudem ,2016,August,296343.3333
881,Bhadradri Kothagudem ,2016,September,296343.3333
991,Bhadradri Kothagudem ,2016,October,310133
1101,Bhadradri Kothagudem ,2016,November,252127
1211,Bhadradri Kothagudem ,2016,December,326770
2,Hyderabad,2016,January,1122510
112,Hyderabad,2016,February,778748
222,Hyderabad,2016,March,1017794
332,Hyderabad,2016,April,1127738
442,Hyderabad,2016,May,1287181
552,Hyderabad,2016,June,12032661
662,Hyderabad,2016,July,1096754
772,Hyderabad,2016,August,1061137
882,Hyderabad,2016,September,832987
992,Hyderabad,2016,October,901960
1102,Hyderabad,2016,November,909733
1212,Hyderabad,2016,December,1225502
3,Jagtial ,2016,January,207692.3333
113,Jagtial ,2016,February,207692.3333
223,Jagtial ,2016,March,207692.3333
333,Jagtial ,2016,April,207692.3333
443,Jagtial ,2016,May,207692.3333
553,Jagtial ,2016,June,207692.3333
663,Jagtial ,2016,July,207692.3333
773,Jagtial ,2016,August,207692.3333
883,Jagtial ,2016,September,207692.3333
993,Jagtial ,2016,October,201249
1103,Jagtial ,2016,November,214534
1213,Jagtial ,2016,December,207294
4,Jangaon ,2016,January,13553.33333
114,Jangaon ,2016,February,13553.33333
224,Jangaon ,2016,March,13553.33333
334,Jangaon ,2016,April,13553.33333
444,Jangaon ,2016,May,13553.33333
554,Jangaon ,2016,June,13553.33333
664,Jangaon ,2016,July,13553.33333
774,Jangaon ,2016,August,13553.33333
884,Jangaon ,2016,September,13553.33333
994,Jangaon ,2016,October,14770
1104,Jangaon ,2016,November,13210
1214,Jangaon ,2016,December,12680
5,Jayashankar Bhoopalpally,2016,January,81133.33333
115,Jayashankar Bhoopalpally,2016,February,81133.33333
225,Jayashankar Bhoopalpally,2016,March,81133.33333
335,Jayashankar Bhoopalpally,2016,April,81133.33333
445,Jayashankar Bhoopalpally,2016,May,81133.33333
555,Jayashankar Bhoopalpally,2016,June,81133.33333
665,Jayashankar Bhoopalpally,2016,July,81133.33333
775,Jayashankar Bhoopalpally,2016,August,81133.33333
885,Jayashankar Bhoopalpally,2016,September,81133.33333
995,Jayashankar Bhoopalpally,2016,October,76360
1105,Jayashankar Bhoopalpally,2016,November,81580
1215,Jayashankar Bhoopalpally,2016,December,85460
6,Jogulamba Gadwal ,2016,January,174467
116,Jogulamba Gadwal ,2016,February,174467
226,Jogulamba Gadwal ,2016,March,174467
336,Jogulamba Gadwal ,2016,April,174467
446,Jogulamba Gadwal ,2016,May,174467
556,Jogulamba Gadwal ,2016,June,174467
666,Jogulamba Gadwal ,2016,July,174467
776,Jogulamba Gadwal ,2016,August,174467
886,Jogulamba Gadwal ,2016,September,174467
996,Jogulamba Gadwal ,2016,October,152898
1106,Jogulamba Gadwal ,2016,November,188170
1216,Jogulamba Gadwal ,2016,December,182333
7,Kamareddy ,2016,January,42.33333333
117,Kamareddy ,2016,February,42.33333333
227,Kamareddy ,2016,March,42.33333333
337,Kamareddy ,2016,April,42.33333333
447,Kamareddy ,2016,May,42.33333333
557,Kamareddy ,2016,June,42.33333333
667,Kamareddy ,2016,July,42.33333333
777,Kamareddy ,2016,August,42.33333333
887,Kamareddy ,2016,September,42.33333333
997,Kamareddy ,2016,October,47
1107,Kamareddy ,2016,November,38
1217,Kamareddy ,2016,December,42
8,Karimnagar ,2016,January,1984442
118,Karimnagar ,2016,February,779960
228,Karimnagar ,2016,March,1018399
338,Karimnagar ,2016,April,956959
448,Karimnagar ,2016,May,1095642
558,Karimnagar ,2016,June,914746
668,Karimnagar ,2016,July,401047
778,Karimnagar ,2016,August,1018399
888,Karimnagar ,2016,September,956959
998,Karimnagar ,2016,October,13675
1108,Karimnagar ,2016,November,13350
1218,Karimnagar ,2016,December,13890
9,Khammam,2016,January,651827
119,Khammam,2016,February,407533
229,Khammam,2016,March,458527
339,Khammam,2016,April,971622
449,Khammam,2016,May,433994
559,Khammam,2016,June,445862
669,Khammam,2016,July,414963
779,Khammam,2016,August,503654
889,Khammam,2016,September,368437
999,Khammam,2016,October,121575
1109,Khammam,2016,November,110634
1219,Khammam,2016,December,116403
10,Komaram Bheem Asifabad,2016,January,
120,Komaram Bheem Asifabad,2016,February,
230,Komaram Bheem Asifabad,2016,March,
340,Komaram Bheem Asifabad,2016,April,
450,Komaram Bheem Asifabad,2016,May,
560,Komaram Bheem Asifabad,2016,June,
670,Komaram Bheem Asifabad,2016,July,
780,Komaram Bheem Asifabad,2016,August,
890,Komaram Bheem Asifabad,2016,September,
1000,Komaram Bheem Asifabad,2016,October,0
1110,Komaram Bheem Asifabad,2016,November,0
1220,Komaram Bheem Asifabad,2016,December,0
11,Mahabubabad ,2016,January,46667.33333
121,Mahabubabad ,2016,February,46667.33333
231,Mahabubabad ,2016,March,46667.33333
341,Mahabubabad ,2016,April,46667.33333
451,Mahabubabad ,2016,May,46667.33333
561,Mahabubabad ,2016,June,46667.33333
671,Mahabubabad ,2016,July,46667.33333
781,Mahabubabad ,2016,August,46667.33333
891,Mahabubabad ,2016,September,46667.33333
1001,Mahabubabad ,2016,October,13032
1111,Mahabubabad ,2016,November,114015
1221,Mahabubabad ,2016,December,12955
12,Mahbubnagar,2016,January,577071
122,Mahbubnagar,2016,February,1312068
232,Mahbubnagar,2016,March,1731983
342,Mahbubnagar,2016,April,622432
452,Mahbubnagar,2016,May,571898
562,Mahbubnagar,2016,June,561006
672,Mahbubnagar,2016,July,562322
782,Mahbubnagar,2016,August,1133105
892,Mahbubnagar,2016,September,567712
1002,Mahbubnagar,2016,October,198592
1112,Mahbubnagar,2016,November,256375
1222,Mahbubnagar,2016,December,210202
13,Mancherial,2016,January,2600.666667
123,Mancherial,2016,February,2600.666667
233,Mancherial,2016,March,2600.666667
343,Mancherial,2016,April,2600.666667
453,Mancherial,2016,May,2600.666667
563,Mancherial,2016,June,2600.666667
673,Mancherial,2016,July,2600.666667
783,Mancherial,2016,August,2600.666667
893,Mancherial,2016,September,2600.666667
1003,Mancherial,2016,October,3124
1113,Mancherial,2016,November,2255
1223,Mancherial,2016,December,2423
14,Medak ,2016,January,92600
124,Medak ,2016,February,215000
234,Medak ,2016,March,1318000
344,Medak ,2016,April,300000
454,Medak ,2016,May,198000
564,Medak ,2016,June,166700
674,Medak ,2016,July,153300
784,Medak ,2016,August,216100
894,Medak ,2016,September,132600
1004,Medak ,2016,October,15600
1114,Medak ,2016,November,132300
1224,Medak ,2016,December,523000
15,Nagarkurnool ,2016,January,196157.6667
125,Nagarkurnool ,2016,February,196157.6667
235,Nagarkurnool ,2016,March,196157.6667
345,Nagarkurnool ,2016,April,196157.6667
455,Nagarkurnool ,2016,May,196157.6667
565,Nagarkurnool ,2016,June,196157.6667
675,Nagarkurnool ,2016,July,196157.6667
785,Nagarkurnool ,2016,August,196157.6667
895,Nagarkurnool ,2016,September,196157.6667
1005,Nagarkurnool ,2016,October,201050
1115,Nagarkurnool ,2016,November,188786
1225,Nagarkurnool ,2016,December,198637
16,Nalgonda,2016,January,566515
126,Nalgonda,2016,February,539467
236,Nalgonda,2016,March,619462
346,Nalgonda,2016,April,601253
456,Nalgonda,2016,May,628872
566,Nalgonda,2016,June,551239
676,Nalgonda,2016,July,582820
786,Nalgonda,2016,August,988102
896,Nalgonda,2016,September,742402
1006,Nalgonda,2016,October,3508
1116,Nalgonda,2016,November,21046
1226,Nalgonda,2016,December,13775
17,Nirmal,2016,January,305536.6667
127,Nirmal,2016,February,305536.6667
237,Nirmal,2016,March,305536.6667
347,Nirmal,2016,April,305536.6667
457,Nirmal,2016,May,305536.6667
567,Nirmal,2016,June,305536.6667
677,Nirmal,2016,July,305536.6667
787,Nirmal,2016,August,305536.6667
897,Nirmal,2016,September,305536.6667
1007,Nirmal,2016,October,475955
1117,Nirmal,2016,November,201388
1227,Nirmal,2016,December,239267
18,Nizamabad,2016,January,576
128,Nizamabad,2016,February,869
238,Nizamabad,2016,March,408
348,Nizamabad,2016,April,476
458,Nizamabad,2016,May,554
568,Nizamabad,2016,June,367
678,Nizamabad,2016,July,644
788,Nizamabad,2016,August,589
898,Nizamabad,2016,September,553
1008,Nizamabad,2016,October,434
1118,Nizamabad,2016,November,617
1228,Nizamabad,2016,December,355
19,Peddapalli,2016,January,1081.333333
129,Peddapalli,2016,February,1081.333333
239,Peddapalli,2016,March,1081.333333
349,Peddapalli,2016,April,1081.333333
459,Peddapalli,2016,May,1081.333333
569,Peddapalli,2016,June,1081.333333
679,Peddapalli,2016,July,1081.333333
789,Peddapalli,2016,August,1081.333333
899,Peddapalli,2016,September,1081.333333
1009,Peddapalli,2016,October,950
1119,Peddapalli,2016,November,1145
1229,Peddapalli,2016,December,1149
20,Rajanna Sircilla ,2016,January,725600.3333
130,Rajanna Sircilla ,2016,February,725600.3333
240,Rajanna Sircilla ,2016,March,725600.3333
350,Rajanna Sircilla ,2016,April,725600.3333
460,Rajanna Sircilla ,2016,May,725600.3333
570,Rajanna Sircilla ,2016,June,725600.3333
680,Rajanna Sircilla ,2016,July,725600.3333
790,Rajanna Sircilla ,2016,August,725600.3333
900,Rajanna Sircilla ,2016,September,725600.3333
1010,Rajanna Sircilla ,2016,October,534484
1120,Rajanna Sircilla ,2016,November,864077
1230,Rajanna Sircilla ,2016,December,778240
21,Sangareddy ,2016,January,259333.3333
131,Sangareddy ,2016,February,259333.3333
241,Sangareddy ,2016,March,259333.3333
351,Sangareddy ,2016,April,259333.3333
461,Sangareddy ,2016,May,259333.3333
571,Sangareddy ,2016,June,259333.3333
681,Sangareddy ,2016,July,259333.3333
791,Sangareddy ,2016,August,259333.3333
901,Sangareddy ,2016,September,259333.3333
1011,Sangareddy ,2016,October,274000
1121,Sangareddy ,2016,November,349000
1231,Sangareddy ,2016,December,155000
22,Siddipet,2016,January,119466.6667
132,Siddipet,2016,February,119466.6667
242,Siddipet,2016,March,119466.6667
352,Siddipet,2016,April,119466.6667
462,Siddipet,2016,May,119466.6667
572,Siddipet,2016,June,119466.6667
682,Siddipet,2016,July,119466.6667
792,Siddipet,2016,August,119466.6667
902,Siddipet,2016,September,119466.6667
1012,Siddipet,2016,October,123500
1122,Siddipet,2016,November,154400
1232,Siddipet,2016,December,80500
23,Wanaparthy ,2016,January,20046
133,Wanaparthy ,2016,February,20046
243,Wanaparthy ,2016,March,20046
353,Wanaparthy ,2016,April,20046
463,Wanaparthy ,2016,May,20046
573,Wanaparthy ,2016,June,20046
683,Wanaparthy ,2016,July,20046
793,Wanaparthy ,2016,August,20046
903,Wanaparthy ,2016,September,20046
1013,Wanaparthy ,2016,October,21234
1123,Wanaparthy ,2016,November,18348
1233,Wanaparthy ,2016,December,20556
24,Warangal (Rural),2016,January,6466.666667
134,Warangal (Rural),2016,February,6466.666667
244,Warangal (Rural),2016,March,6466.666667
354,Warangal (Rural),2016,April,6466.666667
464,Warangal (Rural),2016,May,6466.666667
574,Warangal (Rural),2016,June,6466.666667
684,Warangal (Rural),2016,July,6466.666667
794,Warangal (Rural),2016,August,6466.666667
904,Warangal (Rural),2016,September,6466.666667
1014,Warangal (Rural),2016,October,8200
1124,Warangal (Rural),2016,November,6050
1234,Warangal (Rural),2016,December,5150
25,Warangal (Urban),2016,January,1985815
135,Warangal (Urban),2016,February,20703778
245,Warangal (Urban),2016,March,568397
355,Warangal (Urban),2016,April,317643
465,Warangal (Urban),2016,May,373788
575,Warangal (Urban),2016,June,365332
685,Warangal (Urban),2016,July,340320
795,Warangal (Urban),2016,August,368755
905,Warangal (Urban),2016,September,379210
1015,Warangal (Urban),2016,October,128247
1125,Warangal (Urban),2016,November,129250
1235,Warangal (Urban),2016,December,127500
26,Yadadri Bhongir,2016,January,576200
136,Yadadri Bhongir,2016,February,576200
246,Yadadri Bhongir,2016,March,576200
356,Yadadri Bhongir,2016,April,576200
466,Yadadri Bhongir,2016,May,576200
576,Yadadri Bhongir,2016,June,576200
686,Yadadri Bhongir,2016,July,576200
796,Yadadri Bhongir,2016,August,576200
906,Yadadri Bhongir,2016,September,576200
1016,Yadadri Bhongir,2016,October,584800
1126,Yadadri Bhongir,2016,November,681000
1236,Yadadri Bhongir,2016,December,462800
27,Adilabad,2017,January,318799
137,Adilabad,2017,February,83316
247,Adilabad,2017,March,27508
357,Adilabad,2017,April,13946
467,Adilabad,2017,May,11752
577,Adilabad,2017,June,26859
687,Adilabad,2017,July,52386
797,Adilabad,2017,August,34876
907,Adilabad,2017,September,42699
1017,Adilabad,2017,October,41666
1127,Adilabad,2017,November,117322
1237,Adilabad,2017,December,54251
28,Bhadradri Kothagudem ,2017,January,302315
138,Bhadradri Kothagudem ,2017,February,251359
248,Bhadradri Kothagudem ,2017,March,243943
358,Bhadradri Kothagudem ,2017,April,667459
468,Bhadradri Kothagudem ,2017,May,311626
578,Bhadradri Kothagudem ,2017,June,351742
688,Bhadradri Kothagudem ,2017,July,258114
798,Bhadradri Kothagudem ,2017,August,316438
908,Bhadradri Kothagudem ,2017,September,381784
1018,Bhadradri Kothagudem ,2017,October,334504
1128,Bhadradri Kothagudem ,2017,November,281515
1238,Bhadradri Kothagudem ,2017,December,393518
29,Hyderabad,2017,January,1924695
139,Hyderabad,2017,February,1886698
249,Hyderabad,2017,March,1783903
359,Hyderabad,2017,April,2366793
469,Hyderabad,2017,May,2266793
579,Hyderabad,2017,June,2007060
689,Hyderabad,2017,July,1890870
799,Hyderabad,2017,August,1976980
909,Hyderabad,2017,September,2011280
1019,Hyderabad,2017,October,2202316
1129,Hyderabad,2017,November,1971438
1239,Hyderabad,2017,December,4871416
30,Jagtial ,2017,January,174477
140,Jagtial ,2017,February,159659
250,Jagtial ,2017,March,323658
360,Jagtial ,2017,April,330540
470,Jagtial ,2017,May,468038
580,Jagtial ,2017,June,418103
690,Jagtial ,2017,July,247254
800,Jagtial ,2017,August,386458
910,Jagtial ,2017,September,143102
1020,Jagtial ,2017,October,248504
1130,Jagtial ,2017,November,348042
1240,Jagtial ,2017,December,393566
31,Jangaon ,2017,January,12280
141,Jangaon ,2017,February,12610
251,Jangaon ,2017,March,8450
361,Jangaon ,2017,April,9788
471,Jangaon ,2017,May,12130
581,Jangaon ,2017,June,13750
691,Jangaon ,2017,July,16050
801,Jangaon ,2017,August,15680
911,Jangaon ,2017,September,15600
1021,Jangaon ,2017,October,16130
1131,Jangaon ,2017,November,16360
1241,Jangaon ,2017,December,16880
32,Jayashankar Bhoopalpally,2017,January,96560
142,Jayashankar Bhoopalpally,2017,February,96850
252,Jayashankar Bhoopalpally,2017,March,81400
362,Jayashankar Bhoopalpally,2017,April,90700
472,Jayashankar Bhoopalpally,2017,May,91150
582,Jayashankar Bhoopalpally,2017,June,93650
692,Jayashankar Bhoopalpally,2017,July,94700
802,Jayashankar Bhoopalpally,2017,August,118350
912,Jayashankar Bhoopalpally,2017,September,112600
1022,Jayashankar Bhoopalpally,2017,October,115250
1132,Jayashankar Bhoopalpally,2017,November,116800
1242,Jayashankar Bhoopalpally,2017,December,723000
33,Jogulamba Gadwal ,2017,January,214887
143,Jogulamba Gadwal ,2017,February,481110
253,Jogulamba Gadwal ,2017,March,155013
363,Jogulamba Gadwal ,2017,April,131426
473,Jogulamba Gadwal ,2017,May,131426
583,Jogulamba Gadwal ,2017,June,160182
693,Jogulamba Gadwal ,2017,July,160182
803,Jogulamba Gadwal ,2017,August,131485
913,Jogulamba Gadwal ,2017,September,123733
1023,Jogulamba Gadwal ,2017,October,152898
1133,Jogulamba Gadwal ,2017,November,188170
1243,Jogulamba Gadwal ,2017,December,214887
34,Kamareddy ,2017,January,58
144,Kamareddy ,2017,February,50
254,Kamareddy ,2017,March,41
364,Kamareddy ,2017,April,46
474,Kamareddy ,2017,May,60
584,Kamareddy ,2017,June,41
694,Kamareddy ,2017,July,41
804,Kamareddy ,2017,August,40
914,Kamareddy ,2017,September,41
1024,Kamareddy ,2017,October,38
1134,Kamareddy ,2017,November,43
1244,Kamareddy ,2017,December,41
35,Karimnagar ,2017,January,14425
145,Karimnagar ,2017,February,10845
255,Karimnagar ,2017,March,9625
365,Karimnagar ,2017,April,8630
475,Karimnagar ,2017,May,8890
585,Karimnagar ,2017,June,10542
695,Karimnagar ,2017,July,12350
805,Karimnagar ,2017,August,10952
915,Karimnagar ,2017,September,7576
1025,Karimnagar ,2017,October,8371
1135,Karimnagar ,2017,November,8705
1245,Karimnagar ,2017,December,13065
36,Khammam,2017,January,132528
146,Khammam,2017,February,115470
256,Khammam,2017,March,101878
366,Khammam,2017,April,135920
476,Khammam,2017,May,138799
586,Khammam,2017,June,138158
696,Khammam,2017,July,105102
806,Khammam,2017,August,129159
916,Khammam,2017,September,140821
1026,Khammam,2017,October,155943
1136,Khammam,2017,November,110800
1246,Khammam,2017,December,137825
37,Komaram Bheem Asifabad,2017,January,2241
147,Komaram Bheem Asifabad,2017,February,2490
257,Komaram Bheem Asifabad,2017,March,2767
367,Komaram Bheem Asifabad,2017,April,3074
477,Komaram Bheem Asifabad,2017,May,3416
587,Komaram Bheem Asifabad,2017,June,3796
697,Komaram Bheem Asifabad,2017,July,3713
807,Komaram Bheem Asifabad,2017,August,3665
917,Komaram Bheem Asifabad,2017,September,3934
1027,Komaram Bheem Asifabad,2017,October,14050
1137,Komaram Bheem Asifabad,2017,November,3627
1247,Komaram Bheem Asifabad,2017,December,4218
38,Mahabubabad ,2017,January,13260
148,Mahabubabad ,2017,February,13045
258,Mahabubabad ,2017,March,9100
368,Mahabubabad ,2017,April,9140
478,Mahabubabad ,2017,May,10220
588,Mahabubabad ,2017,June,10130
698,Mahabubabad ,2017,July,10170
808,Mahabubabad ,2017,August,12520
918,Mahabubabad ,2017,September,13140
1028,Mahabubabad ,2017,October,13750
1138,Mahabubabad ,2017,November,13560
1248,Mahabubabad ,2017,December,13780
39,Mahbubnagar,2017,January,446135
149,Mahbubnagar,2017,February,805392
259,Mahbubnagar,2017,March,178256
369,Mahbubnagar,2017,April,208694
479,Mahbubnagar,2017,May,214209
589,Mahbubnagar,2017,June,179210
699,Mahbubnagar,2017,July,179099
809,Mahbubnagar,2017,August,215229
919,Mahbubnagar,2017,September,180675
1029,Mahbubnagar,2017,October,196103
1139,Mahbubnagar,2017,November,259060
1249,Mahbubnagar,2017,December,426167
40,Mancherial,2017,January,2937
150,Mancherial,2017,February,3130
260,Mancherial,2017,March,2775
370,Mancherial,2017,April,1513
480,Mancherial,2017,May,1424
590,Mancherial,2017,June,2119
700,Mancherial,2017,July,33591
810,Mancherial,2017,August,26104
920,Mancherial,2017,September,24297
1030,Mancherial,2017,October,37671
1140,Mancherial,2017,November,25737
1250,Mancherial,2017,December,30328
41,Medak ,2017,January,523000
151,Medak ,2017,February,543321
261,Medak ,2017,March,548535
371,Medak ,2017,April,554864
481,Medak ,2017,May,556891
591,Medak ,2017,June,561469
701,Medak ,2017,July,575300
811,Medak ,2017,August,632830
921,Medak ,2017,September,696113
1031,Medak ,2017,October,765724
1141,Medak ,2017,November,842296
1251,Medak ,2017,December,926526
42,Nagarkurnool ,2017,January,382879
152,Nagarkurnool ,2017,February,286258
262,Nagarkurnool ,2017,March,184508
372,Nagarkurnool ,2017,April,183697
482,Nagarkurnool ,2017,May,183697
592,Nagarkurnool ,2017,June,180010
702,Nagarkurnool ,2017,July,180010
812,Nagarkurnool ,2017,August,181861
922,Nagarkurnool ,2017,September,118010
1032,Nagarkurnool ,2017,October,201050
1142,Nagarkurnool ,2017,November,188786
1252,Nagarkurnool ,2017,December,382879
43,Nalgonda,2017,January,4447
153,Nalgonda,2017,February,8652
263,Nalgonda,2017,March,8054
373,Nalgonda,2017,April,44295
483,Nalgonda,2017,May,10750
593,Nalgonda,2017,June,37879
703,Nalgonda,2017,July,21361
813,Nalgonda,2017,August,9363
923,Nalgonda,2017,September,17465
1033,Nalgonda,2017,October,36066
1143,Nalgonda,2017,November,17687
1253,Nalgonda,2017,December,25897
44,Nirmal,2017,January,340311
154,Nirmal,2017,February,415326
264,Nirmal,2017,March,442057
374,Nirmal,2017,April,274132
484,Nirmal,2017,May,297233
594,Nirmal,2017,June,340359
704,Nirmal,2017,July,328101
814,Nirmal,2017,August,340430
924,Nirmal,2017,September,528540
1034,Nirmal,2017,October,388644
1144,Nirmal,2017,November,369365
1254,Nirmal,2017,December,340585
45,Nizamabad,2017,January,613
155,Nizamabad,2017,February,1752
265,Nizamabad,2017,March,660
375,Nizamabad,2017,April,1048
485,Nizamabad,2017,May,1341
595,Nizamabad,2017,June,2391
705,Nizamabad,2017,July,1520
815,Nizamabad,2017,August,1583
925,Nizamabad,2017,September,933
1035,Nizamabad,2017,October,6644
1145,Nizamabad,2017,November,1677
1255,Nizamabad,2017,December,1787
46,Peddapalli,2017,January,1345
156,Peddapalli,2017,February,1378
266,Peddapalli,2017,March,965
376,Peddapalli,2017,April,750
486,Peddapalli,2017,May,640
596,Peddapalli,2017,June,885
706,Peddapalli,2017,July,1095
816,Peddapalli,2017,August,1385
926,Peddapalli,2017,September,1155
1036,Peddapalli,2017,October,1595
1146,Peddapalli,2017,November,1940
1256,Peddapalli,2017,December,1765
47,Rajanna Sircilla ,2017,January,615842
157,Rajanna Sircilla ,2017,February,1255569
267,Rajanna Sircilla ,2017,March,1030441
377,Rajanna Sircilla ,2017,April,1146782
487,Rajanna Sircilla ,2017,May,1117228
597,Rajanna Sircilla ,2017,June,1113882
707,Rajanna Sircilla ,2017,July,462022
817,Rajanna Sircilla ,2017,August,1004410
927,Rajanna Sircilla ,2017,September,487060
1037,Rajanna Sircilla ,2017,October,845620
1147,Rajanna Sircilla ,2017,November,1191129
1257,Rajanna Sircilla ,2017,December,1649362
48,Sangareddy ,2017,January,195000
158,Sangareddy ,2017,February,140000
268,Sangareddy ,2017,March,275000
378,Sangareddy ,2017,April,215000
488,Sangareddy ,2017,May,215000
598,Sangareddy ,2017,June,180000
708,Sangareddy ,2017,July,195000
818,Sangareddy ,2017,August,295000
928,Sangareddy ,2017,September,200000
1038,Sangareddy ,2017,October,232000
1148,Sangareddy ,2017,November,324500
1258,Sangareddy ,2017,December,356950
49,Siddipet,2017,January,80500
159,Siddipet,2017,February,80500
269,Siddipet,2017,March,80500
379,Siddipet,2017,April,80500
489,Siddipet,2017,May,80500
599,Siddipet,2017,June,60000
709,Siddipet,2017,July,88550
819,Siddipet,2017,August,97405
929,Siddipet,2017,September,107146
1039,Siddipet,2017,October,117861
1149,Siddipet,2017,November,129647
1259,Siddipet,2017,December,142612
50,Wanaparthy ,2017,January,22152
160,Wanaparthy ,2017,February,22342
270,Wanaparthy ,2017,March,20050
380,Wanaparthy ,2017,April,11502
490,Wanaparthy ,2017,May,11502
600,Wanaparthy ,2017,June,19092
710,Wanaparthy ,2017,July,19092
820,Wanaparthy ,2017,August,21375
930,Wanaparthy ,2017,September,35860
1040,Wanaparthy ,2017,October,21234
1150,Wanaparthy ,2017,November,18348
1260,Wanaparthy ,2017,December,22152
51,Warangal (Rural),2017,January,8000
161,Warangal (Rural),2017,February,8300
271,Warangal (Rural),2017,March,7800
381,Warangal (Rural),2017,April,7600
491,Warangal (Rural),2017,May,8500
601,Warangal (Rural),2017,June,9000
711,Warangal (Rural),2017,July,13600
821,Warangal (Rural),2017,August,13650
931,Warangal (Rural),2017,September,13800
1041,Warangal (Rural),2017,October,16500
1151,Warangal (Rural),2017,November,16300
1261,Warangal (Rural),2017,December,21200
52,Warangal (Urban),2017,January,130608
162,Warangal (Urban),2017,February,126608
272,Warangal (Urban),2017,March,118298
382,Warangal (Urban),2017,April,107133
492,Warangal (Urban),2017,May,109915
602,Warangal (Urban),2017,June,111530
712,Warangal (Urban),2017,July,116545
822,Warangal (Urban),2017,August,116810
932,Warangal (Urban),2017,September,117150
1042,Warangal (Urban),2017,October,119255
1152,Warangal (Urban),2017,November,119360
1262,Warangal (Urban),2017,December,126790
53,Yadadri Bhongir,2017,January,678000
163,Yadadri Bhongir,2017,February,540500
273,Yadadri Bhongir,2017,March,525588
383,Yadadri Bhongir,2017,April,570000
493,Yadadri Bhongir,2017,May,458700
603,Yadadri Bhongir,2017,June,685880
713,Yadadri Bhongir,2017,July,481240
823,Yadadri Bhongir,2017,August,680720
933,Yadadri Bhongir,2017,September,678925
1043,Yadadri Bhongir,2017,October,683500
1153,Yadadri Bhongir,2017,November,537600
1263,Yadadri Bhongir,2017,December,481075
54,Adilabad,2018,January,320356
164,Adilabad,2018,February,36550
274,Adilabad,2018,March,23011
384,Adilabad,2018,April,14183
494,Adilabad,2018,May,8197
604,Adilabad,2018,June,12052
714,Adilabad,2018,July,24666
824,Adilabad,2018,August,38939
934,Adilabad,2018,September,25875
1044,Adilabad,2018,October,30257
1154,Adilabad,2018,November,49181
1264,Adilabad,2018,December,61476
55,Bhadradri Kothagudem ,2018,January,421275
165,Bhadradri Kothagudem ,2018,February,240634
275,Bhadradri Kothagudem ,2018,March,421275
385,Bhadradri Kothagudem ,2018,April,341258
495,Bhadradri Kothagudem ,2018,May,291273
605,Bhadradri Kothagudem ,2018,June,290512
715,Bhadradri Kothagudem ,2018,July,220304
825,Bhadradri Kothagudem ,2018,August,219548
935,Bhadradri Kothagudem ,2018,September,334878
1045,Bhadradri Kothagudem ,2018,October,322974
1155,Bhadradri Kothagudem ,2018,November,253464
1265,Bhadradri Kothagudem ,2018,December,442483
56,Hyderabad,2018,January,1978396
166,Hyderabad,2018,February,1365837
276,Hyderabad,2018,March,1415938
386,Hyderabad,2018,April,1586375
496,Hyderabad,2018,May,1189492
606,Hyderabad,2018,June,1595067
716,Hyderabad,2018,July,1470042
826,Hyderabad,2018,August,1591470
936,Hyderabad,2018,September,1508086
1046,Hyderabad,2018,October,2207478
1156,Hyderabad,2018,November,1671320
1266,Hyderabad,2018,December,1964150
57,Jagtial ,2018,January,614082
167,Jagtial ,2018,February,349576
277,Jagtial ,2018,March,416716
387,Jagtial ,2018,April,372874
497,Jagtial ,2018,May,641363
607,Jagtial ,2018,June,182505
717,Jagtial ,2018,July,182473
827,Jagtial ,2018,August,272685
937,Jagtial ,2018,September,273121
1047,Jagtial ,2018,October,138206
1157,Jagtial ,2018,November,277997
1267,Jagtial ,2018,December,231323
58,Jangaon ,2018,January,17180
168,Jangaon ,2018,February,18600
278,Jangaon ,2018,March,17300
388,Jangaon ,2018,April,18100
498,Jangaon ,2018,May,19660
608,Jangaon ,2018,June,23050
718,Jangaon ,2018,July,26280
828,Jangaon ,2018,August,26020
938,Jangaon ,2018,September,28830
1048,Jangaon ,2018,October,29470
1158,Jangaon ,2018,November,29570
1268,Jangaon ,2018,December,36962
59,Jayashankar Bhoopalpally,2018,January,6519850
169,Jayashankar Bhoopalpally,2018,February,8626250
279,Jayashankar Bhoopalpally,2018,March,146150
389,Jayashankar Bhoopalpally,2018,April,149150
499,Jayashankar Bhoopalpally,2018,May,152050
609,Jayashankar Bhoopalpally,2018,June,159400
719,Jayashankar Bhoopalpally,2018,July,128550
829,Jayashankar Bhoopalpally,2018,August,184700
939,Jayashankar Bhoopalpally,2018,September,192300
1049,Jayashankar Bhoopalpally,2018,October,195400
1159,Jayashankar Bhoopalpally,2018,November,196500
1269,Jayashankar Bhoopalpally,2018,December,245625
60,Jogulamba Gadwal ,2018,January,146441
170,Jogulamba Gadwal ,2018,February,481110
280,Jogulamba Gadwal ,2018,March,155013
390,Jogulamba Gadwal ,2018,April,138673
500,Jogulamba Gadwal ,2018,May,131426
610,Jogulamba Gadwal ,2018,June,160182
720,Jogulamba Gadwal ,2018,July,114951
830,Jogulamba Gadwal ,2018,August,123733
940,Jogulamba Gadwal ,2018,September,121710
1050,Jogulamba Gadwal ,2018,October,152898
1160,Jogulamba Gadwal ,2018,November,128075
1270,Jogulamba Gadwal ,2018,December,182333
61,Kamareddy ,2018,January,44
171,Kamareddy ,2018,February,44
281,Kamareddy ,2018,March,45
391,Kamareddy ,2018,April,45
501,Kamareddy ,2018,May,49
611,Kamareddy ,2018,June,56
721,Kamareddy ,2018,July,48
831,Kamareddy ,2018,August,55
941,Kamareddy ,2018,September,40
1051,Kamareddy ,2018,October,62
1161,Kamareddy ,2018,November,41
1271,Kamareddy ,2018,December,43
62,Karimnagar ,2018,January,13505
172,Karimnagar ,2018,February,9330
282,Karimnagar ,2018,March,7205
392,Karimnagar ,2018,April,5830
502,Karimnagar ,2018,May,5689
612,Karimnagar ,2018,June,7180
722,Karimnagar ,2018,July,6686
832,Karimnagar ,2018,August,8480
942,Karimnagar ,2018,September,8480
1052,Karimnagar ,2018,October,6118
1162,Karimnagar ,2018,November,7145
1272,Karimnagar ,2018,December,7800
63,Khammam,2018,January,110094
173,Khammam,2018,February,104444
283,Khammam,2018,March,127152
393,Khammam,2018,April,126553
503,Khammam,2018,May,135189
613,Khammam,2018,June,135988
723,Khammam,2018,July,85932
833,Khammam,2018,August,86309
943,Khammam,2018,September,143465
1053,Khammam,2018,October,127645
1163,Khammam,2018,November,99070
1273,Khammam,2018,December,135600
64,Komaram Bheem Asifabad,2018,January,2863
174,Komaram Bheem Asifabad,2018,February,2736
284,Komaram Bheem Asifabad,2018,March,1826
394,Komaram Bheem Asifabad,2018,April,868
504,Komaram Bheem Asifabad,2018,May,793
614,Komaram Bheem Asifabad,2018,June,990
724,Komaram Bheem Asifabad,2018,July,1954
834,Komaram Bheem Asifabad,2018,August,2263
944,Komaram Bheem Asifabad,2018,September,1819
1054,Komaram Bheem Asifabad,2018,October,2525
1164,Komaram Bheem Asifabad,2018,November,1741
1274,Komaram Bheem Asifabad,2018,December,2176
65,Mahabubabad ,2018,January,14000
175,Mahabubabad ,2018,February,14230
285,Mahabubabad ,2018,March,13110
395,Mahabubabad ,2018,April,12915
505,Mahabubabad ,2018,May,12865
615,Mahabubabad ,2018,June,13910
725,Mahabubabad ,2018,July,13970
835,Mahabubabad ,2018,August,13200
945,Mahabubabad ,2018,September,13420
1055,Mahabubabad ,2018,October,13550
1165,Mahabubabad ,2018,November,13700
1275,Mahabubabad ,2018,December,17125
66,Mahbubnagar,2018,January,156153
176,Mahbubnagar,2018,February,788083
286,Mahbubnagar,2018,March,166863
396,Mahbubnagar,2018,April,196061
506,Mahbubnagar,2018,May,193478
616,Mahbubnagar,2018,June,165553
726,Mahbubnagar,2018,July,161841
836,Mahbubnagar,2018,August,169154
946,Mahbubnagar,2018,September,167833
1056,Mahbubnagar,2018,October,193152
1166,Mahbubnagar,2018,November,295910
1276,Mahbubnagar,2018,December,198227
67,Mancherial,2018,January,71955
177,Mancherial,2018,February,38599
287,Mancherial,2018,March,20749
397,Mancherial,2018,April,38483
507,Mancherial,2018,May,26179
617,Mancherial,2018,June,31667
727,Mancherial,2018,July,27937
837,Mancherial,2018,August,31861
947,Mancherial,2018,September,23141
1057,Mancherial,2018,October,30740
1167,Mancherial,2018,November,25197
1277,Mancherial,2018,December,31496
68,Medak ,2018,January,100000
178,Medak ,2018,February,1000000
288,Medak ,2018,March,600000
398,Medak ,2018,April,200000
508,Medak ,2018,May,300000
618,Medak ,2018,June,500000
728,Medak ,2018,July,150000
838,Medak ,2018,August,50000
948,Medak ,2018,September,100000
1058,Medak ,2018,October,300000
1168,Medak ,2018,November,200000
1278,Medak ,2018,December,400000
69,Nagarkurnool ,2018,January,228812
179,Nagarkurnool ,2018,February,286258
289,Nagarkurnool ,2018,March,184508
399,Nagarkurnool ,2018,April,174592
509,Nagarkurnool ,2018,May,183697
619,Nagarkurnool ,2018,June,180010
729,Nagarkurnool ,2018,July,93450
839,Nagarkurnool ,2018,August,118010
949,Nagarkurnool ,2018,September,118449
1059,Nagarkurnool ,2018,October,201050
1169,Nagarkurnool ,2018,November,121452
1279,Nagarkurnool ,2018,December,198637
70,Nalgonda,2018,January,36205
180,Nalgonda,2018,February,9971
290,Nalgonda,2018,March,9677
400,Nalgonda,2018,April,9779
510,Nalgonda,2018,May,10241
620,Nalgonda,2018,June,9066
730,Nalgonda,2018,July,9668
840,Nalgonda,2018,August,10135
950,Nalgonda,2018,September,21365
1060,Nalgonda,2018,October,22332
1170,Nalgonda,2018,November,5422
1280,Nalgonda,2018,December,6777
71,Nirmal,2018,January,480241
181,Nirmal,2018,February,335447
291,Nirmal,2018,March,328099
401,Nirmal,2018,April,368645
511,Nirmal,2018,May,342650
621,Nirmal,2018,June,355197
731,Nirmal,2018,July,335356
841,Nirmal,2018,August,313910
951,Nirmal,2018,September,293859
1061,Nirmal,2018,October,373291
1171,Nirmal,2018,November,289169
1281,Nirmal,2018,December,361461
72,Nizamabad,2018,January,2495
182,Nizamabad,2018,February,7152
292,Nizamabad,2018,March,2903
402,Nizamabad,2018,April,3550
512,Nizamabad,2018,May,5360
622,Nizamabad,2018,June,1761
732,Nizamabad,2018,July,5882
842,Nizamabad,2018,August,10525
952,Nizamabad,2018,September,475
1062,Nizamabad,2018,October,490
1172,Nizamabad,2018,November,475
1282,Nizamabad,2018,December,355
73,Peddapalli,2018,January,2670
183,Peddapalli,2018,February,2695
293,Peddapalli,2018,March,2325
403,Peddapalli,2018,April,1940
513,Peddapalli,2018,May,1499
623,Peddapalli,2018,June,1580
733,Peddapalli,2018,July,1580
843,Peddapalli,2018,August,1595
953,Peddapalli,2018,September,1475
1063,Peddapalli,2018,October,1545
1173,Peddapalli,2018,November,1655
1283,Peddapalli,2018,December,1695
74,Rajanna Sircilla ,2018,January,2238074
184,Rajanna Sircilla ,2018,February,1021787
294,Rajanna Sircilla ,2018,March,1022669
404,Rajanna Sircilla ,2018,April,833874
514,Rajanna Sircilla ,2018,May,1021952
624,Rajanna Sircilla ,2018,June,320886
734,Rajanna Sircilla ,2018,July,937720
844,Rajanna Sircilla ,2018,August,320952
954,Rajanna Sircilla ,2018,September,818693
1064,Rajanna Sircilla ,2018,October,506563
1174,Rajanna Sircilla ,2018,November,840933
1284,Rajanna Sircilla ,2018,December,950128
75,Sangareddy ,2018,January,254000
185,Sangareddy ,2018,February,540000
295,Sangareddy ,2018,March,158500
405,Sangareddy ,2018,April,162500
515,Sangareddy ,2018,May,157000
625,Sangareddy ,2018,June,93500
735,Sangareddy ,2018,July,108600
845,Sangareddy ,2018,August,205000
955,Sangareddy ,2018,September,125000
1065,Sangareddy ,2018,October,171800
1175,Sangareddy ,2018,November,160000
1285,Sangareddy ,2018,December,134000
76,Siddipet,2018,January,253000
186,Siddipet,2018,February,44000
296,Siddipet,2018,March,164800
406,Siddipet,2018,April,115000
516,Siddipet,2018,May,165200
626,Siddipet,2018,June,104300
736,Siddipet,2018,July,54000
846,Siddipet,2018,August,100000
956,Siddipet,2018,September,55000
1066,Siddipet,2018,October,43000
1176,Siddipet,2018,November,135000
1286,Siddipet,2018,December,50000
77,Wanaparthy ,2018,January,28131
187,Wanaparthy ,2018,February,22341
297,Wanaparthy ,2018,March,20050
407,Wanaparthy ,2018,April,10550
517,Wanaparthy ,2018,May,11502
627,Wanaparthy ,2018,June,19092
737,Wanaparthy ,2018,July,32625
847,Wanaparthy ,2018,August,35860
957,Wanaparthy ,2018,September,32002
1067,Wanaparthy ,2018,October,21234
1177,Wanaparthy ,2018,November,32657
1287,Wanaparthy ,2018,December,20556
78,Warangal (Rural),2018,January,25200
188,Warangal (Rural),2018,February,26300
298,Warangal (Rural),2018,March,26200
408,Warangal (Rural),2018,April,21600
518,Warangal (Rural),2018,May,22100
628,Warangal (Rural),2018,June,23100
738,Warangal (Rural),2018,July,25900
848,Warangal (Rural),2018,August,25700
958,Warangal (Rural),2018,September,25800
1068,Warangal (Rural),2018,October,26000
1178,Warangal (Rural),2018,November,24050
1288,Warangal (Rural),2018,December,30062
79,Warangal (Urban),2018,January,137530
189,Warangal (Urban),2018,February,145750
299,Warangal (Urban),2018,March,140300
409,Warangal (Urban),2018,April,142510
519,Warangal (Urban),2018,May,143425
629,Warangal (Urban),2018,June,135615
739,Warangal (Urban),2018,July,136560
849,Warangal (Urban),2018,August,136760
959,Warangal (Urban),2018,September,138780
1069,Warangal (Urban),2018,October,140948
1179,Warangal (Urban),2018,November,144515
1289,Warangal (Urban),2018,December,180643
80,Yadadri Bhongir,2018,January,2016000
190,Yadadri Bhongir,2018,February,3073872
300,Yadadri Bhongir,2018,March,2836580
410,Yadadri Bhongir,2018,April,692370
520,Yadadri Bhongir,2018,May,781842
630,Yadadri Bhongir,2018,June,577570
740,Yadadri Bhongir,2018,July,671156
850,Yadadri Bhongir,2018,August,526445
960,Yadadri Bhongir,2018,September,819350
1070,Yadadri Bhongir,2018,October,586475
1180,Yadadri Bhongir,2018,November,485208
1290,Yadadri Bhongir,2018,December,606510
81,Adilabad,2019,January,25071
191,Adilabad,2019,February,406177
301,Adilabad,2019,March,14347
411,Adilabad,2019,April,9972
521,Adilabad,2019,May,6997
631,Adilabad,2019,June,9161
741,Adilabad,2019,July,11791
851,Adilabad,2019,August,108173
961,Adilabad,2019,September,37589
1071,Adilabad,2019,October,38184
1181,Adilabad,2019,November,70344
1291,Adilabad,2019,December,38089
82,Bhadradri Kothagudem ,2019,January,283365
192,Bhadradri Kothagudem ,2019,February,229159
302,Bhadradri Kothagudem ,2019,March,225448
412,Bhadradri Kothagudem ,2019,April,349585
522,Bhadradri Kothagudem ,2019,May,275800
632,Bhadradri Kothagudem ,2019,June,9761776
742,Bhadradri Kothagudem ,2019,July,233338
852,Bhadradri Kothagudem ,2019,August,271941
962,Bhadradri Kothagudem ,2019,September,314199
1072,Bhadradri Kothagudem ,2019,October,287432
1182,Bhadradri Kothagudem ,2019,November,298366
1292,Bhadradri Kothagudem ,2019,December,287328
83,Hyderabad,2019,January,1426500
193,Hyderabad,2019,February,983147
303,Hyderabad,2019,March,1009991
413,Hyderabad,2019,April,1045933
523,Hyderabad,2019,May,1305748
633,Hyderabad,2019,June,1262995
743,Hyderabad,2019,July,1094861
853,Hyderabad,2019,August,1121380
963,Hyderabad,2019,September,959930
1073,Hyderabad,2019,October,1240643
1183,Hyderabad,2019,November,1073665
1293,Hyderabad,2019,December,1277569
84,Jagtial ,2019,January,211913
194,Jagtial ,2019,February,215105
304,Jagtial ,2019,March,194090
414,Jagtial ,2019,April,447226
524,Jagtial ,2019,May,500206
634,Jagtial ,2019,June,235363
744,Jagtial ,2019,July,157419
854,Jagtial ,2019,August,151570
964,Jagtial ,2019,September,157564
1074,Jagtial ,2019,October,165070
1184,Jagtial ,2019,November,277630
1294,Jagtial ,2019,December,372959
85,Jangaon ,2019,January,28750
195,Jangaon ,2019,February,28810
305,Jangaon ,2019,March,27300
415,Jangaon ,2019,April,26160
525,Jangaon ,2019,May,26740
635,Jangaon ,2019,June,25820
745,Jangaon ,2019,July,24160
855,Jangaon ,2019,August,27800
965,Jangaon ,2019,September,28640
1075,Jangaon ,2019,October,27840
1185,Jangaon ,2019,November,28410
1295,Jangaon ,2019,December,28460
86,Jayashankar Bhoopalpally,2019,January,197430
196,Jayashankar Bhoopalpally,2019,February,33500
306,Jayashankar Bhoopalpally,2019,March,37500
416,Jayashankar Bhoopalpally,2019,April,38500
526,Jayashankar Bhoopalpally,2019,May,30800
636,Jayashankar Bhoopalpally,2019,June,40500
746,Jayashankar Bhoopalpally,2019,July,45500
856,Jayashankar Bhoopalpally,2019,August,45000
966,Jayashankar Bhoopalpally,2019,September,50500
1076,Jayashankar Bhoopalpally,2019,October,46000
1186,Jayashankar Bhoopalpally,2019,November,51500
1296,Jayashankar Bhoopalpally,2019,December,45800
87,Jogulamba Gadwal ,2019,January,146441
197,Jogulamba Gadwal ,2019,February,481110
307,Jogulamba Gadwal ,2019,March,155013
417,Jogulamba Gadwal ,2019,April,82334
527,Jogulamba Gadwal ,2019,May,154609
637,Jogulamba Gadwal ,2019,June,155013
747,Jogulamba Gadwal ,2019,July,114951
857,Jogulamba Gadwal ,2019,August,123733
967,Jogulamba Gadwal ,2019,September,131485
1077,Jogulamba Gadwal ,2019,October,152898
1187,Jogulamba Gadwal ,2019,November,128075
1297,Jogulamba Gadwal ,2019,December,182333
88,Kamareddy ,2019,January,42
198,Kamareddy ,2019,February,41
308,Kamareddy ,2019,March,45
418,Kamareddy ,2019,April,41
528,Kamareddy ,2019,May,46
638,Kamareddy ,2019,June,41
748,Kamareddy ,2019,July,50
858,Kamareddy ,2019,August,50
968,Kamareddy ,2019,September,41
1078,Kamareddy ,2019,October,46
1188,Kamareddy ,2019,November,46
1298,Kamareddy ,2019,December,45
89,Karimnagar ,2019,January,10285
199,Karimnagar ,2019,February,6480
309,Karimnagar ,2019,March,6634
419,Karimnagar ,2019,April,5623
529,Karimnagar ,2019,May,3393
639,Karimnagar ,2019,June,3871
749,Karimnagar ,2019,July,5192
859,Karimnagar ,2019,August,5480
969,Karimnagar ,2019,September,8735
1079,Karimnagar ,2019,October,6799
1189,Karimnagar ,2019,November,7101
1299,Karimnagar ,2019,December,7898
90,Khammam,2019,January,123550
200,Khammam,2019,February,98471
310,Khammam,2019,March,91340
420,Khammam,2019,April,135920
530,Khammam,2019,May,130971
640,Khammam,2019,June,127270
750,Khammam,2019,July,103260
860,Khammam,2019,August,111374
970,Khammam,2019,September,133754
1080,Khammam,2019,October,128625
1190,Khammam,2019,November,104380
1300,Khammam,2019,December,124525
91,Komaram Bheem Asifabad,2019,January,2476
201,Komaram Bheem Asifabad,2019,February,1449
311,Komaram Bheem Asifabad,2019,March,1212
421,Komaram Bheem Asifabad,2019,April,663
531,Komaram Bheem Asifabad,2019,May,493
641,Komaram Bheem Asifabad,2019,June,506
751,Komaram Bheem Asifabad,2019,July,1287
861,Komaram Bheem Asifabad,2019,August,2572
971,Komaram Bheem Asifabad,2019,September,1629
1081,Komaram Bheem Asifabad,2019,October,1943
1191,Komaram Bheem Asifabad,2019,November,2176
1301,Komaram Bheem Asifabad,2019,December,2783
92,Mahabubabad ,2019,January,13480
202,Mahabubabad ,2019,February,13545
312,Mahabubabad ,2019,March,13490
422,Mahabubabad ,2019,April,12980
532,Mahabubabad ,2019,May,11970
642,Mahabubabad ,2019,June,11460
752,Mahabubabad ,2019,July,13470
862,Mahabubabad ,2019,August,12190
972,Mahabubabad ,2019,September,13210
1082,Mahabubabad ,2019,October,12260
1192,Mahabubabad ,2019,November,12470
1302,Mahabubabad ,2019,December,12360
93,Mahbubnagar,2019,January,168082
203,Mahbubnagar,2019,February,798949
313,Mahbubnagar,2019,March,173658
423,Mahbubnagar,2019,April,183268
533,Mahbubnagar,2019,May,175202
643,Mahbubnagar,2019,June,175853
753,Mahbubnagar,2019,July,100398
863,Mahbubnagar,2019,August,104787
973,Mahbubnagar,2019,September,141387
1083,Mahbubnagar,2019,October,130227
1193,Mahbubnagar,2019,November,234066
1303,Mahbubnagar,2019,December,148938
94,Mancherial,2019,January,18420
204,Mancherial,2019,February,26325
314,Mancherial,2019,March,16253
424,Mancherial,2019,April,23026
534,Mancherial,2019,May,26616
644,Mancherial,2019,June,24593
754,Mancherial,2019,July,22303
864,Mancherial,2019,August,21191
974,Mancherial,2019,September,24079
1084,Mancherial,2019,October,20867
1194,Mancherial,2019,November,29302
1304,Mancherial,2019,December,16835
95,Medak ,2019,January,400000
205,Medak ,2019,February,600000
315,Medak ,2019,March,1000000
425,Medak ,2019,April,650000
535,Medak ,2019,May,400000
645,Medak ,2019,June,300000
755,Medak ,2019,July,350000
865,Medak ,2019,August,349900
975,Medak ,2019,September,350400
1085,Medak ,2019,October,350000
1195,Medak ,2019,November,351560
1305,Medak ,2019,December,350710
96,Mulugu,2019,January,0
206,Mulugu,2019,February,159640
316,Mulugu,2019,March,156610
426,Mulugu,2019,April,152570
536,Mulugu,2019,May,154550
646,Mulugu,2019,June,163480
756,Mulugu,2019,July,167700
866,Mulugu,2019,August,171050
976,Mulugu,2019,September,172900
1086,Mulugu,2019,October,172500
1196,Mulugu,2019,November,173700
1306,Mulugu,2019,December,175100
97,Nagarkurnool ,2019,January,228812
207,Nagarkurnool ,2019,February,286258
317,Nagarkurnool ,2019,March,184508
427,Nagarkurnool ,2019,April,121460
537,Nagarkurnool ,2019,May,184372
647,Nagarkurnool ,2019,June,184508
757,Nagarkurnool ,2019,July,93450
867,Nagarkurnool ,2019,August,118010
977,Nagarkurnool ,2019,September,175712
1087,Nagarkurnool ,2019,October,196160
1197,Nagarkurnool ,2019,November,121425
1307,Nagarkurnool ,2019,December,198637
98,Nalgonda,2019,January,21284
208,Nalgonda,2019,February,13697
318,Nalgonda,2019,March,8467
428,Nalgonda,2019,April,7202
538,Nalgonda,2019,May,26338
648,Nalgonda,2019,June,5558
758,Nalgonda,2019,July,19783
868,Nalgonda,2019,August,7473
978,Nalgonda,2019,September,5230
1088,Nalgonda,2019,October,5290
1198,Nalgonda,2019,November,7177
1308,Nalgonda,2019,December,13419
99,Narayanapet,2019,January,
209,Narayanapet,2019,February,
319,Narayanapet,2019,March,
429,Narayanapet,2019,April,
539,Narayanapet,2019,May,
649,Narayanapet,2019,June,
759,Narayanapet,2019,July,68842
869,Narayanapet,2019,August,72249
979,Narayanapet,2019,September,62841
1089,Narayanapet,2019,October,58213
1199,Narayanapet,2019,November,62750
1309,Narayanapet,2019,December,64355
100,Nirmal,2019,January,313675
210,Nirmal,2019,February,443898
320,Nirmal,2019,March,424964
430,Nirmal,2019,April,327971
540,Nirmal,2019,May,149705
650,Nirmal,2019,June,349747
760,Nirmal,2019,July,359495
870,Nirmal,2019,August,334646
980,Nirmal,2019,September,299827
1090,Nirmal,2019,October,263412
1200,Nirmal,2019,November,253388
1310,Nirmal,2019,December,296050
101,Nizamabad,2019,January,878
211,Nizamabad,2019,February,915
321,Nizamabad,2019,March,938
431,Nizamabad,2019,April,958
541,Nizamabad,2019,May,1193
651,Nizamabad,2019,June,686
761,Nizamabad,2019,July,990
871,Nizamabad,2019,August,1004
981,Nizamabad,2019,September,6572
1091,Nizamabad,2019,October,8849
1201,Nizamabad,2019,November,11950
1311,Nizamabad,2019,December,11400
102,Peddapalli,2019,January,1055
212,Peddapalli,2019,February,1157
322,Peddapalli,2019,March,895
432,Peddapalli,2019,April,942
542,Peddapalli,2019,May,802
652,Peddapalli,2019,June,735
762,Peddapalli,2019,July,1085
872,Peddapalli,2019,August,1505
982,Peddapalli,2019,September,1785
1092,Peddapalli,2019,October,2080
1202,Peddapalli,2019,November,2225
1312,Peddapalli,2019,December,2315
103,Rajanna Sircilla ,2019,January,6188298
213,Rajanna Sircilla ,2019,February,1015550
323,Rajanna Sircilla ,2019,March,1444971
433,Rajanna Sircilla ,2019,April,1148062
543,Rajanna Sircilla ,2019,May,1018131
653,Rajanna Sircilla ,2019,June,1128849
763,Rajanna Sircilla ,2019,July,422961
873,Rajanna Sircilla ,2019,August,586118
983,Rajanna Sircilla ,2019,September,501293
1093,Rajanna Sircilla ,2019,October,646492
1203,Rajanna Sircilla ,2019,November,1259371
1313,Rajanna Sircilla ,2019,December,1472801
104,Sangareddy ,2019,January,144000
214,Sangareddy ,2019,February,148000
324,Sangareddy ,2019,March,747000
434,Sangareddy ,2019,April,205000
544,Sangareddy ,2019,May,133000
654,Sangareddy ,2019,June,347000
764,Sangareddy ,2019,July,467000
874,Sangareddy ,2019,August,466150
984,Sangareddy ,2019,September,468350
1094,Sangareddy ,2019,October,467470
1204,Sangareddy ,2019,November,481720
1314,Sangareddy ,2019,December,478470
105,Siddipet,2019,January,140793
215,Siddipet,2019,February,199549
325,Siddipet,2019,March,204600
435,Siddipet,2019,April,184412
545,Siddipet,2019,May,110500
655,Siddipet,2019,June,1037000
765,Siddipet,2019,July,179320
875,Siddipet,2019,August,190750
985,Siddipet,2019,September,122550
1095,Siddipet,2019,October,191330
1205,Siddipet,2019,November,209130
1315,Siddipet,2019,December,217930
106,Wanaparthy ,2019,January,28131
216,Wanaparthy ,2019,February,22342
326,Wanaparthy ,2019,March,20050
436,Wanaparthy ,2019,April,23749
546,Wanaparthy ,2019,May,20010
656,Wanaparthy ,2019,June,20050
766,Wanaparthy ,2019,July,32625
876,Wanaparthy ,2019,August,35860
986,Wanaparthy ,2019,September,21375
1096,Wanaparthy ,2019,October,21234
1206,Wanaparthy ,2019,November,32657
1316,Wanaparthy ,2019,December,20556
107,Warangal (Rural),2019,January,28700
217,Warangal (Rural),2019,February,28800
327,Warangal (Rural),2019,March,29000
437,Warangal (Rural),2019,April,26900
547,Warangal (Rural),2019,May,24900
657,Warangal (Rural),2019,June,27100
767,Warangal (Rural),2019,July,28600
877,Warangal (Rural),2019,August,31600
987,Warangal (Rural),2019,September,32600
1097,Warangal (Rural),2019,October,31100
1207,Warangal (Rural),2019,November,32150
1317,Warangal (Rural),2019,December,32050
108,Warangal (Urban),2019,January,151545
218,Warangal (Urban),2019,February,157755
328,Warangal (Urban),2019,March,154305
438,Warangal (Urban),2019,April,150425
548,Warangal (Urban),2019,May,143230
658,Warangal (Urban),2019,June,144400
768,Warangal (Urban),2019,July,145440
878,Warangal (Urban),2019,August,148030
988,Warangal (Urban),2019,September,151070
1098,Warangal (Urban),2019,October,147450
1208,Warangal (Urban),2019,November,153880
1318,Warangal (Urban),2019,December,147700
109,Yadadri Bhongir,2019,January,479293
219,Yadadri Bhongir,2019,February,56525
329,Yadadri Bhongir,2019,March,481923
439,Yadadri Bhongir,2019,April,441150
549,Yadadri Bhongir,2019,May,345790
659,Yadadri Bhongir,2019,June,370566
769,Yadadri Bhongir,2019,July,332770
879,Yadadri Bhongir,2019,August,389010
989,Yadadri Bhongir,2019,September,366862
1099,Yadadri Bhongir,2019,October,381860
1209,Yadadri Bhongir,2019,November,365990
1319,Yadadri Bhongir,2019,December,477635
